auteur,texte,commentaires
Auteur inconnu,Texte non disponible,['Commentaires non disponibles']
https://chat.whatsapp.com/EBeKaKLpGwo3DIbrUBbOHr,"https://chat.whatsapp.com/EBeKaKLpGwo3DIbrUBbOHr
Le lien d'intÃ©gration du groupe.
UniversitÃ© virtuelle du Burkina Faso, UV-BF.",['Commentaires non disponibles']
#Campus,"#Campus 
ğŸ ğÌğ­ğ®ğğ¢ğšğ§ğ­ ğŸ ğ¨ğ«ğğ¢ğ§ğšğ­ğğ®ğ« / ğ”ğ§ğ¢ğ¯ğğ«ğ¬ğ¢ğ­ğÌ ğ•ğ¢ğ«ğ­ğ®ğğ¥ğ¥ğ ğğ® ğğ®ğ«ğ¤ğ¢ğ§ğš ğ…ğšğ¬ğ¨ - ğ”ğ•ğğ…  
Ouverture de la plateforme au profit des Ã©tudiants de l'universitÃ© virtuelle
Tu es orientÃ© Ã  l'UV? souscrit dÃ¨s maintenant sur ordinateur.campusfaso.bf
Livraison en mois d'une semaine
subventionnÃ©s par l'Ã©tat Ã  85%
Abonnez-vous Ã  notre page ",['Commentaires non disponibles']
#Campus,"#Campus
ğ€ ğ¥'ğšğ­ğ­ğğ§ğ­ğ¢ğ¨ğ§ ğğğ¬ Ã©ğ­ğ®ğğ¢ğšğ§ğ­ğ¬ ğğ ğ¥'ğ®ğ§ğ¢ğ¯ğğ«ğ¬ğ¢ğ­Ã© ğ¯ğ¢ğ«ğ­ğ®ğğ¥ğ¥ğ ğğ® ğğ®ğ«ğ¤ğ¢ğ§ğš ğ…ğšğ¬ğ¨ - ğ”ğ§ Ã©ğ­ğ®ğğ¢ğšğ§ğ­, ğ®ğ§ ğ¨ğ«ğğ¢ğ§ğšğ­ğğ®ğ«.
Suite aux orientations du Projet d'Appui Ã  l'Enseignement SupÃ©rieur (PAES), relatives au remboursement des quotitÃ©s payÃ©es dans le cadre du programme prÃ©sidentiel Â« un Ã©tudiant, un ordinateur Â», l'UniversitÃ© Virtuelle du Burkina Faso (UV-BF) informe les Ã©tudiants dont les noms figurent dans le tableau ci-dessous qu'ils sont concernÃ©s par le remboursements des quotitÃ©s.
A cet effet, l'UV-BF invite les Ã©tudiants concernÃ©s par ce remboursement et qui ont souscrit Ã  l'opÃ©ration avec des comptes mobiles money appartenant Ã  des tierces, de bien vouloir se rendre au bureau des informaticiens sis Ã  l'Espace NumÃ©rique Ouvert (ENO) de Karpala (Ouagadougou), munis de leur CNIB et de leur attestation d'inscription ou carte d'Ã©tudiant au plus tard le vendredi 02 AoÃ»t 2024, pour communiquer le numÃ©ro de compte sur lequel ils souhaitent recevoir le remboursement de leur quotitÃ©.
UniversitÃ© Virtuelle du Burkina Faso, une formation universitaire de qualitÃ© pour tous !
Abonnez-vous Ã  Oreilleducampus.",['Commentaires non disponibles']
,,['Commentaires non disponibles']
UniversitÃ© Virtuelle du Burkina Faso - UVBF,"ğ—¥ğ—˜ğ— ğ—œğ—¦ğ—˜ ğ——'ğ—¢ğ—¥ğ——ğ—œğ—¡ğ—”ğ—§ğ—˜ğ—¨ğ—¥ / UniversitÃ© Virtuelle du Burkina Faso - UVBF 
 UV-BF informe les Ã©tudiants dont les noms figurent sur les listes ci-dessous qu'ils peuvent passer Ã  l'Espace NumÃ©rique Ouvert de Karpala, ce lundi 15 Janvier 2024 afin de rÃ©cupÃ©rer leurs ordinateurs Marques HP CELERON.
La remise des ordinateurs se fait au sein de l'Espace NumÃ©rique Ouvert de Karpala de 08h Ã  15h.
#NB:
- Chaque Ã©tudiant doit se munir de sa CNIB pour le retrait de son ordinateur,
- Pour le retrait pour une tierce personne, vous devez disposer d'une procuration en bonne et due forme.
Consultez les listes ci-dessous.
#assistance_depÃ´ts_Un_Etudiant_Un_Ordinateur:
#Whatsap : +226 65 02 29 27
#Appel : +226 73 50 40 90/ 79 19 13 47 
#IntÃ©grez le groupe WhatsApp d'info 
ici 
https://chat.whatsapp.com/KLffYQtdVsSLxo8bSTLn0c
HMAB Service, ğ‘£ğ‘œğ‘¡ğ‘Ÿğ‘’ ğ‘šğ‘’ğ‘–ğ‘™ğ‘™ğ‘’ğ‘¢ğ‘Ÿ ğ‘ ğ‘’ğ‘Ÿğ‘£ğ‘–ğ‘ğ‘’ ğ‘‘'ğ‘ğ‘ ğ‘ ğ‘–ğ‘ ğ‘¡ğ‘ğ‘›ğ‘ğ‘’ ğ‘’ğ‘› ğ‘™ğ‘–ğ‘”ğ‘›ğ‘’
@followers",['Commentaires non disponibles']
https://chat.whatsapp.com/EBeKaKLpGwo3DIbrUBbOHr,"https://chat.whatsapp.com/EBeKaKLpGwo3DIbrUBbOHr
Le lien d'intÃ©gration du groupe WhatsApp, universitÃ© virtuelle du Burkina Faso, UV-BF",['Commentaires non disponibles']
#72hCSEUVBF," Chers membres, associÃ©s, partenaires et sympathisants,
Nous avons l'honneur de vous partager notre dÃ©marche dâ€™organisation pour les activitÃ©s du Club Scientifique des Ã‰tudiants de l'UniversitÃ© Virtuelle du Burkina Faso (CSE UV-BF). Avec un club fort de plus de 130 membres rÃ©partis en 4 dÃ©partements, lâ€™Ã©quitÃ© et lâ€™Ã©galitÃ© sont des valeurs fondamentales guidant notre fonctionnement.
Pour chaque initiative, nous privilÃ©gions l'appel Ã  candidature interne afin de permettre Ã  nos membres volontaires de s'impliquer activement et de se mettre au service du collectif. Câ€™est avec votre engagement et votre soutien que nous cultivons et renforÃ§ons ensemble un leadership dynamique et inclusif.
Ensemble, nous construisons un avenir empreint de savoir, de partage, et d'impact positif !
ğ™²ğš‚ğ™´ ğš„ğš…-ğ™±ğ™µ : ""ğš„ğš—ğš’ğš› ğš•ğšğšœ ğšğš˜ğš›ğšŒğšğšœ, ğš’ğš—ğšœğš™ğš’ğš›ğšğš› ğš•ğš ğšğšğšğšğš› ! "" 
#72hCSEUVBF
#CSEUVBF
#JPET
#AUF
#UVBF",['Commentaires non disponibles']
#RentrÃ©e2024,"#RentrÃ©e2024 - UV-BF : Sessions Facebook Live pour les nouveaux Ã©tudiants !
Chers Ã©tudiants, Ã  lâ€™occasion de la rentrÃ©e acadÃ©mique 2024-2025, lâ€™UniversitÃ© Virtuelle du Burkina Faso (UV-BF) souhaite vous offrir toutes les informations nÃ©cessaires pour dÃ©marrer lâ€™annÃ©e dans les meilleures conditions.
Pour vous prÃ©parer au mieux aux sessions Facebook Live prÃ©vues les 3 octobre et 10 octobre 2024, nous lanÃ§ons un formulaire Google pour recueillir toutes vos questions Ã  lâ€™avanceâ€¦ En voir plus",['Commentaires non disponibles']
UniversitÃ© Virtuelle du Burkina Faso - UVBF," 1 Ã©tudiant 1 ordinateur / UniversitÃ© Virtuelle du Burkina Faso - UVBF 
Ouverture de la plateforme au profit des Ã©tudiants de l'universitÃ© virtuelle
Tu es orientÃ© Ã  l'UV? souscrit dÃ¨s maintenant sur ordinateur.campusfaso.bf
Livraison en moins d'une semaine
subventionnÃ©s par l'Ã©tat Ã  85%",['Commentaires non disponibles']
https://forms.gle/oyLGpEKw9Y68CrHQ7,"ğ”ğ§ğ¢ğ¯ğğ«ğ¬ğ¢ğ­ğÌ ğ•ğ¢ğ«ğ­ğ®ğğ¥ğ¥ğ ğğ…
 Nouveaux Ã©tudiants 2024 de l'UV-BF Ã  Ouagadougou : Inscrivez-vous aux sessions de prise en main de l'outil informatique et de la plateforme de formation !
Chers nouveaux Ã©tudiants rÃ©sidant Ã  OUAGADOUGOU,
L'UniversitÃ© Virtuelle du Burkina Faso (UV-BF) vous invite Ã  vous inscrire aux sessions de prise en main de l'outil informatique et de la plateforme de formation. Ces sessions vous permettront de bien dÃ©marrer l'annÃ©e acadÃ©mique en maÃ®trisant les outils essentiels pour votre rÃ©ussite.
 Date limite d'inscription : Demain, mardi 22 octobre, Ã  23h59.
Ne manquez pas cette occasion de vous familiariser avec notre environnement numÃ©rique d'apprentissage. 
Cliquez sur le lien suivant pour vous inscrire : https://forms.gle/oyLGpEKw9Y68CrHQ7
UniversitÃ© Virtuelle du Burkina Faso, une formation universitaire de qualitÃ© pour tous !
#UVBF #RentrÃ©e2024 #NouveauxEtudiants #FormationEnLigne #Ouagadougou",['Commentaires non disponibles']
#RentrÃ©e2024,"#RentrÃ©e2024 - UV-BF : Sessions d'information Facebook Live pour les nouveaux Ã©tudiants !
Chers Ã©tudiants, Ã  lâ€™occasion de la rentrÃ©e acadÃ©mique 2024-2025, lâ€™UniversitÃ© Virtuelle du Burkina Faso (UV-BF) souhaite vous communiquer toutes les informations nÃ©cessaires pour dÃ©marrer lâ€™annÃ©e dans les meilleures conditions.
Nous avons le plaisir de vous annoncer lâ€™organisation de deux sessions Facebook Live dÃ©diÃ©es aux nouveaux Ã©tudiants, qui auront lieu :â€¦ En voir plus",['Commentaires non disponibles']
www.campusfaso.bf,"Decouvrons UniversitÃ© Virtuelle du Burkina Faso - UVBF 
C'est une universitÃ© publique et les cours se font entiÃ¨rement en ligne,  pareil pour certaines Ã©valuations.
Les orientations dans cette universitÃ© se font au mÃªme moment que dans les universitÃ©s classiques Ã   travers la plateforme forme www.campusfaso.bf .
Du 7 au 17 septembre 2024 ,il y a la session de rattrapage. 
Pour les filiÃ¨res :
-les littÃ©raires peuvent s'inscrire en #lettres_modernes et en #Droit.
-les scientifiques peuvent s'inscrire en #Ã©conomie,  #mathÃ©matiques,  #physique, #informatique, #SVT,#geomatique...
Dans vos choix d'options privilÃ©gier les filiÃ¨res de l'universitÃ© virtuelle si toutefois vous voulez frÃ©quenter lÃ -bas.
#NB: Les frais se limitent  Ã  #51.500 Fcfa pour ce qui est des filiÃ¨res #lettres_modernes,  #DROIT et #Ã©conomie pour les candidats salariÃ©s et les  bacheliers de session antÃ©rieure Ã  2023 par contre  les Ã©lÃ¨ves (2023, 2024) paient 16.500 Fcfa. 
Et vous avez droit Ã  un ordinateur subventionnÃ© Ã  #85% .
CampusFaso",['Commentaires non disponibles']
https://chat.whatsapp.com/I1mTpZLqsDbCbfuA3jxhwB,"Bonjour chers nouveaux bacheliers orientÃ© a l'universitÃ© virtuelle du burkina faso  prÃ©cisÃ©ment dans la facultÃ© de droit, ce groupe a Ã©tÃ© crÃ©Ã© par vous donnÃ© les informations nÃ©cessaires afin que vous puissiez vous prÃ©parer a l'avance. 
PriÃ¨re a celui oÃ¹ celle qui qui orientÃ© en droit de bien vouloir intÃ©grer le groupe et envoyer le lien a vos camarades. 
NB :c'est l'Å“uvre du dÃ©lÃ©guÃ© p23 droit UVBF.DONC NE me posez pas trop de question intÃ©grer le groupe UniversitÃ© Virtuelle du Burkina Faso - UVBF 
Une formation universitaire de qualitÃ© pour tous !
https://chat.whatsapp.com/I1mTpZLqsDbCbfuA3jxhwB",['Commentaires non disponibles']
#UVBF," Rencontre d'accueil et d'information pour les nouveaux Ã©tudiants de l'UV-BF !
UniversitÃ© Virtuelle du Burkina Faso, une formation universitaire de qualitÃ© pour tous !
#UVBF #RentrÃ©e2024 #NouveauxEtudiants #FormationEnLigne #AccueilEtInformation",['Commentaires non disponibles']
#UVBF," Rencontre d'accueil et d'information pour les nouveaux Ã©tudiants de l'UV-BF !
Chers nouveaux Ã©tudiants,
L'UniversitÃ© Virtuelle du Burkina Faso (UV-BF) vous invite Ã  participer Ã  la rencontre d'accueil et d'information prÃ©vue pour demain, mardi 15 octobre 2024.
En raison du nombre de places limitÃ©es Ã  l'Espace NumÃ©rique Ouvert (ENO) de Karpala, nous vous encourageons Ã  suivre l'Ã©vÃ©nement en ligne via notre page Facebook pour ne rien manquer de cette rencontre.
 Date : Mardi 15 octobre 2024
 Heure : 08h00 (Mise en place des Ã©tudiants 07h30)
 Lieu : ENO de Karpala et en direct sur notre page Facebook
Ne manquez pas cette opportunitÃ© pour obtenir toutes les informations nÃ©cessaires pour rÃ©ussir votre annÃ©e universitaire.
UniversitÃ© Virtuelle du Burkina Faso, une formation universitaire de qualitÃ© pour tous !
#UVBF #RentrÃ©e2024 #NouveauxEtudiants #FormationEnLigne #AccueilEtInformation",['Commentaires non disponibles']
#Campus,"#Campus 
ğŸ ğÌğ­ğ®ğğ¢ğšğ§ğ­ ğŸ ğ¨ğ«ğğ¢ğ§ğšğ­ğğ®ğ« / ğ”ğ§ğ¢ğ¯ğğ«ğ¬ğ¢ğ­ğÌ ğ•ğ¢ğ«ğ­ğ®ğğ¥ğ¥ğ ğğ® ğğ®ğ«ğ¤ğ¢ğ§ğš ğ…ğšğ¬ğ¨ - ğ”ğ•ğğ… 
Ouverture de la plateforme au profit des Ã©tudiants de l'universitÃ© virtuelle
Tu es orientÃ© Ã  l'UV? souscrit dÃ¨s maintenant sur ordinâ€¦ En voir plus",['Commentaires non disponibles']
ordinateur.campusfaso.bf," 1 Ã©tudiant 1 ordinateur / UniversitÃ© Virtuelle du Burkina Faso - UVBF 
Ouverture de la plateforme au profit des Ã©tudiants de l'universitÃ© virtuelle
Tu es orientÃ© Ã  l'UV-BF ? souscrit dÃ¨s maintenant sur ordinateur.campusfaso.bfâ€¦ En voir plus",['Commentaires non disponibles']
https://uv.bf/formulaire-de-sondage-du-lieu-souhaite.../,"ğ—¨ğ—»ğ—¶ğ˜ƒğ—²ğ—¿ğ˜€ğ—¶ğ˜ğ—²Ì ğ—©ğ—¶ğ—¿ğ˜ğ˜‚ğ—²ğ—¹ğ—¹ğ—² ğ—•ğ˜‚ğ—¿ğ—¸ğ—¶ğ—»ğ—® ğ—™ğ—®ğ˜€ğ—¼
Formulaire de Sondage du lieu souhaitÃ© pour le retrait des puces tÃ©lÃ©phoniques afin de bÃ©nÃ©ficier de data gratuits (MÃ©gas de connexion)
Dans le cadre de lâ€™accompagnement des Ã©tudiants avec la connexion internet, lâ€™UniversitÃ© Virtuelle du Burkina Faso (UV-BF) met Ã  la disposition de ses Ã©tudiants des Cartes SIM ORANGE (puces tÃ©lÃ©phoniques) dÃ©diÃ©es qui seront rechargÃ©es Ã  hauteur de 10 Go/mois.
A cet effet, elle invite les Ã©tudiants dont les noms sont inscrits sur les listes ci-dessous Ã  consulter les lieux de retrait indiquÃ©s sur ces listes pour le retrait des leurs Cartes SIM.
Consulter les listes sur notre site internet : https://uv.bf/formulaire-de-sondage-du-lieu-souhaite.../
Pour les Ã©tudiants qui souhaitent changer le lieu de retrait indiquÃ©, merci de choisir la ville dans laquelle vous souhaitez retirer votre carte sim en remplissant le formulaire.
Bien vouloir remplir soigneusement le formulaire avec les bonnes informations au plus tard le 05 aoÃ»t 2024 Ã  23 h 59.
Lien du formulaire : https://forms.gle/YYUpfQ6LZhuPSeHp8
NB:
â€“ PriÃ¨re Ã  ceux dont les noms ne figurent pas sur les listes, de pas renseigner le formulaire car ils ne seront pas pris en compte. Ces listes tiennent compte des Ã©tudiants rÃ©guliÃ¨rement inscrits Ã  lâ€™UV-BF et qui prennent part rÃ©guliÃ¨rement aux activitÃ©s dâ€™enseignement et dâ€™Ã©valuation.
â€“ Ceux qui souhaitent conserver le lieu de retrait indiquÃ© sur les listes nâ€™ont pas besoin de remplir le formulaire
â€“ Un programme et les lieux prÃ©cis de retrait par ville vous seront communiquÃ©s dans une note dâ€™information la semaine du 5 aoÃ»t 2024.
 #uvbf #campusfaso",['Commentaires non disponibles']
#UniversitÃ©_Virtuelle," UniversitÃ© Virtuelle du Burkina Faso - UVBF , la rentrÃ©e c'est le 1er octobre 2024 
Le prÃ©sident de l'#UniversitÃ©_Virtuelle du Burkina Faso (UV-BF) porte Ã  la connaissance des bacheliers, nouvellement #orientÃ©s dans les #difÃ©rentes_fliÃ¨res de l'UV-BF, Ã  l'issue des sessions d'#orientation au titre de l'annÃ©e 2024, que la #rentrÃ©e_acadÃ©mique 2024-2025 est prÃ©vue pour le mardi 1 octobre 2024.
Ã€ cet effet, diffÃ©rentes activitÃ©s sont prÃ©vues selon le planning sivant :â€¦ En voir plus",['Commentaires non disponibles']
https://forms.gle/GoanBcsC9Uf124yd8,"Dans le but de permettre l'organisation des examens en prÃ©sentiel au profit des Ã©tudiants rÃ©sidant hors de  Ouagadougou, l'UV-BF souhaite disposer d'informations sur les villes oÃ¹ les Ã©tudiants souhaitent composer les examens sur table en prÃ©sentiel. Dans ce cadre, un formulaire a Ã©tÃ© Ã©laborÃ© et mis Ã  votre disposition.
Lien : https://forms.gle/GoanBcsC9Uf124yd8
Merci de le remplir en suivant les instructions, afin de nous permettre de mieux rÃ©pondre aux attentes des uns et des autres, pour une annÃ©e acadÃ©mique rÃ©ussie !
UniversitÃ© Virtuelle du Burkina Faso, une formation universitaire de qualitÃ© pour tous !",['Commentaires non disponibles']
http," Rappel du jour. 
 3 octobre 
 PremiÃ¨re rÃ©union d'information
 14h.
 Lieu, Facebook live sur la page de l'universitÃ© virtuelle en ligne
httpâ€¦ En voir plus",['Commentaires non disponibles']
#UV_BF,"Le prÃ©sident de l'UniversitÃ© Virtuelle du Burkina Faso (UV-BF) porte a la connaissance des bacheliers, nouvellement orientÃ©s dans les diffÃ©rentes filiÃ¨res de l'UV-BF, Ã  l'issue des sessions d'orientation au titre de l'annÃ©e 2024, que la rentrÃ©e acadÃ©mique 2024-2025 est prÃ©vue pour le mardi 1Â° octobre 2024.
A cet effet, diffÃ©rentes activitÃ©s sont prÃ©vues selon le planning dans le tableau ci dessous.
UniversitÃ© Virtuelle du Burkina Faso, une formation universitaire de qualitÃ© pour tous !!! 
#UV_BF 
Sawadogo Salif Sawadogo",['Commentaires non disponibles']
ordinateur.campusfaso.bf," 1 Ã©tudiant 1 ordinateur / UniversitÃ© Virtuelle du Burkina Faso - UVBF 
Ouverture de la plateforme au profit des Ã©tudiants de l'universitÃ© virtuelle
Tu es orientÃ© Ã  l'UV? souscrit dÃ¨s maintenant sur ordinateur.campusfaso.bfâ€¦ En voir plus",['Commentaires non disponibles']
Lefaso.net,"Enseignement supÃ©rieur : 4060 nouveaux Ã©tudiants inscrits Ã  l'UniversitÃ© virtuelle du Burkina Faso pour l'annÃ©e 2024-2025
Les Ã©tudiants de l'UniversitÃ© virtuelle du Burkina Faso (UVBF) effectuent officiellement leur rentrÃ©e acadÃ©mique ce mardi 15 octobre 2024 Ã  l'espace numÃ©rique ouvert situÃ© Ã  Karpala, un quartier de Ouagadougou. Cette rentrÃ©e est l'occasion de donner aux Ã©tudiants, toutes les informations nÃ©cessaires pour faciliter la poursuite de leur cursus universitaire.
Cette annÃ©e, l'UniversitÃ© virtuelle du Burkina reÃ§oit 4060 nouveaux Ã©tudiants. 
En attendant le dÃ©but effectif des cours, ils sont rÃ©unis Ã  l'espace numÃ©rique ouvert afin d'Ãªtre outillÃ©s sur la prise en main de la plateforme de formation, mais aussi recevoir d'autres informations utiles, telles que la subvention pour l'acquisition d'ordinateurs, l'accÃ¨s Ã  la connexion, etc.
Sur ces deux derniers points, le PrÃ©sident de l'UniversitÃ© virtuelle, Pr Jean-Marie Dipama a soulignÃ© que pour les Ã©tudiants de son universitÃ©, les ordinateurs sont subventionnÃ©s Ã  hauteur de 85% contre 60% pour les Ã©tudiants des autres universitÃ©s publiques et chaque Ã©tudiant Ã  droit Ã  10 gigas par mois pour la connexion, afin de pouvoir suivre les cours. 
CrÃ©Ã©e en 2019, l'UniversitÃ© virtuelle du Burkina Faso a reÃ§u ses premiers Ã©tudiants en mai 2020. Avec au dÃ©part 150 Ã©tudiants, l'UniversitÃ© virtuelle se retrouve aujourd'hui, cinq promotions plus tard, avec plus de 11 000 Ã©tudiants. 
Elle offre des formations de niveau licence et master dans les sciences fondamentales (MathÃ©matiques, Physique, Chimie et Sciences de la vie et de la terre) et dans les sciences transversales (GÃ©omatique, Lettres modernes, Sciences juridiques et politiques et Sciences Ã©conomiques et de gestion). 
Lefaso.net",['Commentaires non disponibles']
#UVBF,"Reportage de BF1 sur la rencontre d'accueil et d'information pour les nouveaux Ã©tudiants de l'UV-BF !
UniversitÃ© Virtuelle du Burkina Faso, une formation universitaire de qualitÃ© pour tous !
#UVBF #RentrÃ©e2024 #NouveauxEtudiants #FormationEnLigne #AccueilEtInformation",['Commentaires non disponibles']
https://uv.bf/appel-a-candidatures-pour-le-recrutement.../,"Appel a candidatures pour le recrutement sur dossier de 40 Ã©tudiants pour la troisiÃ¨me cohorte du Master Fouille de Donnees et Intelligence Artificielle au titre de l'annÃ©e acadÃ©mique 2024 - 2025.
Plus d'informations sur notre site web : 
https://uv.bf/appel-a-candidatures-pour-le-recrutement.../
UniversitÃ© Virtuelle du Burkina Faso, une formation universitaire de qualitÃ© pour tous !",['Commentaires non disponibles']
#Campus,"#Campus
 ğ”ğ§ğ¢ğ¯ğğ«ğ¬ğ¢ğ­Ã© ğ•ğ¢ğ«ğ­ğ®ğğ¥ğ¥ğ ğğ® ğğ®ğ«ğ¤ğ¢ğ§ğš ğ…ğšğ¬ğ¨ (ğ”ğ•-ğğ…) : ğ‘Ã©ğ¬ğ®ğ¥ğ­ğšğ­ğ¬ ğğ® ğ­ğğ¬ğ­ ğğ ğ«ğğœğ«ğ®ğ­ğğ¦ğğ§ğ­ ğğ ğªğ®ğšğ«ğšğ§ğ­ğ (ğŸ’ğŸ) Ã©ğ­ğ®ğğ¢ğšğ§ğ­ğ¬ ğğ§ ğ©ğ«ğğ¦ğ¢Ã¨ğ«ğ ğšğ§ğ§Ã©ğ ğğ ğŒğšğ¬ğ­ğğ« ğ…ğ¨ğ®ğ¢ğ¥ğ¥ğğ¬ ğğ ğƒğ¨ğ§ğ§Ã©ğğ¬ ğğ­ ğˆğ§ğ­ğğ¥ğ¥ğ¢ğ ğğ§ğœğ ğ€ğ«ğ­ğ¢ğŸğ¢ğœğ¢ğğ¥ğ¥ğ (ğŒğšğ¬ğ­ğğ« ğ…ğƒ & ğˆğ€), ğŸğŸğŸğŸ’-ğŸğŸğŸğŸ“.
Sous rÃ©serve d'un contrÃ´le approfondi, les candidats dont les noms suivent sont dÃ©clarÃ©s admis, par ordre de mÃ©rite, Ã  l'issue de l'instruction des dossiers de candidature pour une inscription en premiÃ¨re annÃ©e de Master Fouilles de DonnÃ©es et Intelligenceâ€¦ En voir plus",['Commentaires non disponibles']
#Campus,"#Campus #RAPPEL#
ğŸ ğÌğ­ğ®ğğ¢ğšğ§ğ­ ğŸ ğ¨ğ«ğğ¢ğ§ğšğ­ğğ®ğ« / ğ”ğ§ğ¢ğ¯ğğ«ğ¬ğ¢ğ­ğÌ ğ•ğ¢ğ«ğ­ğ®ğğ¥ğ¥ğ ğğ® ğğ®ğ«ğ¤ğ¢ğ§ğš ğ…ğšğ¬ğ¨ - ğ”ğ•ğğ… 
Ouverture de la plateforme au profit des Ã©tudiants de l'universitÃ© virtuelle
Tu es orientÃ© Ã  l'UV? souscrit dÃ¨s maintenant sur ordinateur.campusfaso.bf
Livraison en moins d'une semaine
subventionnÃ©s par l'Ã©tat Ã  85%
Abonnez-vous Ã  Agence Des Inscriptions en Ligne .",['Commentaires non disponibles']
ordinateur.campusfaso.bf," 1 Ã©tudiant 1 ordinateur / UniversitÃ© Virtuelle du Burkina Faso - UVBF 
Ouverture de la plateforme au profit des Ã©tudiants de l'universitÃ© virtuelle
Tu es orientÃ© Ã  l'UV? souscrit dÃ¨s maintenant sur ordinateur.campusfaso.bf
Livraison en moins d'une semaine
subventionnÃ©s par l'Ã©tat Ã  85%
Source : CampusFaso",['Commentaires non disponibles']
#Campus,"#Campus 
ğŸ ğÌğ­ğ®ğğ¢ğšğ§ğ­ ğŸ ğ¨ğ«ğğ¢ğ§ğšğ­ğğ®ğ« / ğ”ğ§ğ¢ğ¯ğğ«ğ¬ğ¢ğ­ğÌ ğ•ğ¢ğ«ğ­ğ®ğğ¥ğ¥ğ ğğ® ğğ®ğ«ğ¤ğ¢ğ§ğš ğ…ğšğ¬ğ¨ - ğ”ğ•ğğ… 
Ouverture de la plateforme au profit des Ã©tudiants de l'universitÃ© virtuelle
Tu es orientÃ© Ã  l'UV? souscrit dÃ¨s maintenant sur ordinateur.campusfaso.bf
Livraison en mois d'une semaine
subventionnÃ©s par l'Ã©tat Ã  85%
Abonnez-vous Ã  Oreilleducampus",['Commentaires non disponibles']
#candidatures," UniversitÃ© Virtuelle du Burkina Faso 
L'UniversitÃ© Virtuelle du Burkina Faso lance un appel Ã  #candidatures, pour le #recrutement sur dossier, d'#Ã©tudiants en deuxiÃ¨me annÃ©e (L2) et en troisiÃ¨me annÃ©e (L3) au titre de l'#annÃ©e_acadÃ©mique 2022 - 2023.
Les filiÃ¨res concernÃ©es sont les suivantes :
- #MathÃ©matiques ;
- #physique_et_ingÃ©nierie_de_l_Ã©nergie ;
- #SVT ;
- #GÃ©nie_Logiciel ;
- #GÃ©omatique_appliquÃ©e.
Les dÃ©pÃ´ts des dossiers de candidatures se font en ligne via CAMPUS FASO du Mardi 20 au Vendredi 30 dÃ©cembre 2022.
UniversitÃ© Virtuelle du Burkina Faso, une formation universitaire de qualitÃ© pour tous !",['Commentaires non disponibles']
UniversitÃ© Virtuelle du Burkina Faso - UVBF,"UniversitÃ© Virtuelle du Burkina Faso - UVBF une formation de QualitÃ© pour tous..
L'universitÃ© est PUBLIC,Lors de vos demandes d'orientations, scrollez juste en bas vous verrez l'universitÃ©,faites vos choix..
#orientation #aiubf #uvbf",['Commentaires non disponibles']
#UVBF,"Retour en images sur la rencontre d'accueil et d'information pour les nouveaux Ã©tudiants de l'UV-BF !
UniversitÃ© Virtuelle du Burkina Faso, une formation universitaire de qualitÃ© pour tous !
#UVBF #RentrÃ©e2024 #NouveauxEtudiants #FormationEnLigne #AccueilEtInformation",['Commentaires non disponibles']
UniversitÃ© Virtuelle du Burkina Faso - UVBF,"C'est trÃ¨s important d'avoir ces compÃ©tences.
Merci Ã  Dr OUEDRAOGO Ã‰mile de UniversitÃ© Virtuelle du Burkina Faso - UVBF Ã  qui je dois beaucoup de respect dans ce domaine. 
C'est une discipline qui trÃ¨s enseignÃ©e et encouragÃ©e dans les Ã©coles du Canada. Elle est simple Ã  apprendre et trÃ¨s bÃ©nÃ©fique.
Je vous ( @Ã  la une ) encourage donc Ã  dÃ©velopper quelques compÃ©tences informationnelles et vous ne serez pas dÃ©Ã§u.",['Commentaires non disponibles']
ordinateur.campusfaso.bf," 1 Ã©tudiant 1 ordinateur / UniversitÃ© Virtuelle du Burkina Faso - UVBF 
Ouverture de la plateforme au profit des Ã©tudiants de l'universitÃ© virtuelle
Tu es orientÃ© Ã  l'UV? souscrit dÃ¨s maintenant sur ordinateur.campusfaso.bf
Livraison en mois d'une semaine
subventionnÃ©s par l'Ã©tat Ã  85%
Passe l'information Ã  ton frÃ¨re ou Ã  ton voisin ",['Commentaires non disponibles']
https://uv.bf/appel-a-candidature-pour-le-recrutement.../,"Appel Ã  candidature pour le recrutement dâ€™Ã©tudiants en L2 et L3 Ã  lâ€™UV-BF au titre de lâ€™annÃ©e acadÃ©mique 2023-2024.
Lâ€™UniversitÃ© Virtuelle du Burkina Faso (UV-BF) lance un appel Ã  candidatures, pour le recrutement sur dossier, dâ€™Ã©tudiants en deuxiÃ¨me annÃ©e (L2) et en troisiÃ¨me annÃ©e (L3) de Licence au titre de lâ€™annÃ©e acadÃ©mique 2023-2024.
Plus d'informations sur notre site internet : https://uv.bf/appel-a-candidature-pour-le-recrutement.../
UniversitÃ© Virtuelle du Burkina Faso, une formation universitaire de qualitÃ© pour tous !",['Commentaires non disponibles']
#RentrÃ©e2024,"#RentrÃ©e2024 - UV-BF : DÃ©couvrez nos tutoriels de prise en main !
ThÃ¨me du jour : ""Comment rÃ©cupÃ©rer ses accÃ¨s de connexion aÌ€ la plateforme de l'UV-BF ?""
Chers Ã©tudiants, cette vidÃ©o vous montre comment rÃ©cupÃ©rer vos identifiants de connexion en cas d'oubli ou de perte. Suivez attentivement les instructions pour accÃ©der facilement Ã  votre espace personnel.
Astuce : Si vous rencontrez des difficultÃ©s pour rÃ©cupÃ©rer vos accÃ¨s, vÃ©rifiez toujours votre dossier ""Spam"" ou ""Courrier indÃ©sirable"" de votre boÃ®te mail, car les messages de rÃ©cupÃ©ration peuvent parfois sâ€™y trouver.
En rappel, les accÃ¨s seront bientÃ´t disponibles et une communication spÃ©cifique sera faite pour vous en informer. En attendant, ce tutoriel vous aidera Ã  Ãªtre prÃªt dÃ¨s que les identifiants vous seront envoyÃ©s.
Vous trouverez plus de tutoriels vidÃ©o sur la chaÃ®ne YouTube de l'UV-BF Ã  travers ce lien : 
Ensemble, maÃ®trisons la plateforme pour rÃ©ussir cette annÃ©e acadÃ©mique.
UniversitÃ© Virtuelle du Burkina Faso, une formation universitaire de qualitÃ© pour tous !",['Commentaires non disponibles']
#RentrÃ©e2024,"#RentrÃ©e2024 - UV-BF : DÃ©couvrez nos tutoriels de prise en main !
Chers Ã©tudiants, la rentrÃ©e 2024-2025 approche Ã  grands pas, et pour vous accompagner au mieux dans la dÃ©couverte de notre plateforme de formation, l'UniversitÃ© Virtuelle du Burkina Faso (UV-BF) lance une sÃ©rie de tutoriels vidÃ©o.
Ã€ partir de ce lundi 30 septembre et jusqu'au 15 novembre 2024, nous diffuserons 17 tutoriels vidÃ©o pour vous guider pas Ã  pas dans lâ€™utilisation de notre plateforme de cours. Chaque vidÃ©o sera partagÃ©e ici sur notre page Facebook et Ã©galement disponible sur notre chaÃ®ne YouTube officielle.
ThÃ¨me du jour : ""Comment se connecter Ã  la plateforme de formation de l'UV-BF ?""
Cette vidÃ©o vous guidera Ã©tape par Ã©tape pour effectuer votre premiÃ¨re connexion Ã  notre plateforme de formation en ligne. N'oubliez pas de suivre chaque Ã©tape pour vous assurer un accÃ¨s rapide et sÃ©curisÃ© Ã  vos cours.
Astuce : Prenez des notes pendant la vidÃ©o pour vous rappeler des informations clÃ©s.
Vous trouverez plus de tutoriels vidÃ©o sur la chaÃ®ne YouTube de l'UV-BF Ã  travers ce lien : https://www.youtube.com/watch?v=5J1dOLpAiiw...
Ensemble, maÃ®trisons la plateforme pour rÃ©ussir cette annÃ©e acadÃ©mique.
UniversitÃ© Virtuelle du Burkina Faso, une formation universitaire de qualitÃ© pour tous !
UniversitÃ© Virtuelle du Burkina FasoUniversitÃ© Virtuelle du Burkina Faso - UVBFUVBF",['Commentaires non disponibles']
www.campusfaso.bf,"Decouvrons UniversitÃ© Virtuelle du Burkina Faso - UVBF 
C'est une universitÃ© publique et les cours se font entiÃ¨rement en ligne,  pareil pour certaines Ã©valuations.
Les orientations dans cette universitÃ© se font au mÃªme moment que dans les universitÃ©s classiques Ã   travers la plateforme forme www.campusfaso.bf .
Du 7 au 17 septembre 2024 ,il y a la session de rattrapage. 
Pour les filiÃ¨res :
-les littÃ©raires peuvent s'inscrire en #lettres_modernes et en #Droit.
-les scientifiques peuvent s'inscrire en #Ã©conomie,  #mathÃ©matiques,  #physique, #informatique, #SVT,#geomatique...
Dans vos choix d'options privilÃ©gier les filiÃ¨res de l'universitÃ© virtuelle si toutefois vous voulez frÃ©quenter lÃ -bas.
#NB: Les frais se limitent  Ã  #51.500 Fcfa pour ce qui est des filiÃ¨res #lettres_modernes,  #DROIT et #Ã©conomie pour les candidats salariÃ©s et les  bacheliers de session antÃ©rieure Ã  2023 par contre  les Ã©lÃ¨ves (2023, 2024) paient 16.500 Fcfa. 
Et vous avez droit Ã  un ordinateur subventionnÃ© Ã  #85% .",['Commentaires non disponibles']
#RentrÃ©e2024,"#RentrÃ©e2024 - UV-BF : CÃ©rÃ©monie de montÃ©e des couleurs et journÃ©e de salubritÃ©
Ce lundi 7 octobre 2024, Ã  l'Espace NumÃ©rique Ouvert (ENO) de Karpala, l'UniversitÃ© Virtuelle du Burkina Faso (UV-BF) a organisÃ© une cÃ©rÃ©monie de montÃ©e des couleurs suivie d'une activitÃ© de  salubritÃ©.
Cette journÃ©e symbolique vise Ã  renforcer l'esprit de cohÃ©sion au sein de l'UV-BF, Ã   promouvoir l'engagement patriotique et le civisme. L'UV-BF continue ainsi de s'affirmer comme un cadre de formation universitaire accessible, tout en intÃ©grant les enjeux de dÃ©veloppement durable et de responsabilitÃ© citoyenne.
Ã€ cette occasion, le PrÃ©sident de l'UV-BF, Pr Jean-Marie DIPAMA, a adressÃ© ses encouragements Ã  l'administration et Ã  l'ensemble des membres de la communautÃ© universitaire de l'UV-BF. Il a insistÃ© sur l'importance d'incarner les valeurs de citoyennetÃ© et de responsabilitÃ© sociale au quotidien. Selon lui, l'avenir du pays repose sur l'engagement de chaque individu et aucun membre de la communautÃ© ne doit Ãªtre laissÃ© pour compte.
UniversitÃ© Virtuelle du Burkina Faso, une formation universitaire de qualitÃ© pour tous !",['Commentaires non disponibles']
https://www.1jeune1emploi.com/telechargement-du-c,"ğ‹'ğ€ğ”ğ… ğğ®ğ«ğ¤ğ¢ğ§ğš ğ…ğšğ¬ğ¨, Ã  travers son ğ—–ğ—²ğ—»ğ˜ğ—¿ğ—² ğ—±â€™ğ—˜ğ—ºğ—½ğ—¹ğ—¼ğ˜†ğ—®ğ—¯ğ—¶ğ—¹ğ—¶ğ˜ğ—²Ì ğ—™ğ—¿ğ—®ğ—»ğ—°ğ—¼ğ—½ğ—µğ—¼ğ—»ğ—² (ğ—–ğ—˜ğ—™) ğ—±ğ—² ğ—¢ğ˜‚ğ—®ğ—´ğ—®ğ—±ğ—¼ğ˜‚ğ—´ğ—¼ğ˜‚, recrute, dans le cadre de son programme d'activitÃ©s pour 2024, ğŸ®ğŸ¬ğŸ¬ ğ—²Ìğ˜ğ˜‚ğ—±ğ—¶ğ—®ğ—»ğ˜ğ˜€ ğ—²ğ˜ ğ—·ğ—²ğ˜‚ğ—»ğ—²ğ˜€ ğ—±ğ—¶ğ—½ğ—¹ğ—¼Ì‚ğ—ºğ—²Ìğ˜€ pour un accompagnement global Ã  lâ€™insertion professionnelle et Ã  lâ€™entrepreneuriat.
Pour plus dâ€™informations et pour  participer au recrutement, ğ™¨ğ™˜ğ™–ğ™£ğ™£ğ™šğ™¯ ğ™¡ğ™š ğ™Œğ™ ğ™˜ğ™¤ğ™™ğ™š ğ™¨ğ™ªğ™§ ğ™¡ğ™š ğ™«ğ™ğ™¨ğ™ªğ™šğ™¡ ou ğ™˜ğ™¡ğ™ğ™¦ğ™ªğ™šğ™¯ ğ™¨ğ™ªğ™§ ğ™¡ğ™š ğ™¡ğ™ğ™šğ™£ ğ™˜ğ™-ğ™™ğ™šğ™¨ğ™¨ğ™¤ğ™ªğ™¨ :
Inscription au programme:
https://www.1jeune1emploi.com/telechargement-du-câ€¦ En voir plus",['Commentaires non disponibles']
ordinateur.campusfaso.bf," ATTENTION !
Ceci est une intox, les ordinateurs dans le cadre du programme 1 Ã©tudiant 1 ordinateur sont exclusivement accessibles via une souscription sur la plateforme ordinateur.campusfaso.bf et bÃ©nÃ©ficier de la subvention de l'Ã©tat.",['Commentaires non disponibles']
#Information,"#Information
 ğ‘ğ„ğŒğˆğ’ğ„ ğƒ'ğğ‘ğƒğˆğğ€ğ“ğ„ğ”ğ‘ğ’ ğ‡ğ€ğˆğ„ğ‘-ğ‡ğˆ ğ€ğ”ğ— ğ„ğ“ğ”ğƒğˆğ€ğğ“ğ’ ğƒğ„ ğ‹' ğ”ğğˆğ•ğ„ğ‘ğ’ğˆğ“Ã‰ ğ•ğˆğ‘ğ“ğ”ğ„ğ‹ğ‹ğ„
Lâ€™UniversitÃ© Virtuelle du Burkina Faso (UV-BF) informe les Ã©tudiants dont les noms figurent sur les listes ci-dessous quâ€™ils peuvent passer Ã  lâ€™Espace NumÃ©rique Ouvert de Karpala, ce Vendredi 1er DÃ©cembre 2023 afin de rÃ©cupÃ©rer leurs ordinateurs (Marques HAIER et HI).
La remise des ordinateurs se fait au sein de lâ€™Espace NumÃ©rique Ouvert de Karpala de 08h Ã  15h.
N.B:
â€“ Chaque Ã©tudiant doit se munir de sa CNIB pour le retrait de son ordinateur,
â€“ Pour le retrait pour une tierce personne, vous devez disposer dâ€™une procuration en bonne et due forme.",['Commentaires non disponibles']
#Karpala,"#Karpala 
#UniversitÃ© 
 De nouvelles filiÃ¨res Ã  l'universitÃ© virtuelle du Burkina Faso.
L'universitÃ© virtuelle est situÃ© Ã  karpala non loin du palais de justice Ouaga II.
DÃ©sormais nous avons :â€¦ En voir plus",['Commentaires non disponibles']
www.uv.bf,"Lâ€™UniversitÃ© Virtuelle du Burkina Faso, universitÃ© publique burkinabÃ¨, porte Ã  la connaissance des nouveaux bacheliers, souhaitant sâ€™orienter en premiÃ¨re annÃ©e de Licence, au titre de lâ€™annÃ©e acadÃ©mique 2024-2025, quâ€™elle dispose des filiÃ¨res de formation suivantes :
1. Pour le Programme Sciences Fondamentales, ce sont les filiÃ¨res :
- MathÃ©matiques 
- Physique et IngÃ©nierie de lâ€™Ã©nergie
- Chimie
- Sciences de la vie et de la terre
2. Pour le Programme Sciences Transversales, ce sont les filiÃ¨res :
- GÃ©omatique AppliquÃ©e,
- Lettres modernes
- Sciences Ã‰conomiques et de Gestion
- Sciences Juridiques et Politiques
Sâ€™orienter Ã  lâ€™UV-BF, câ€™est bÃ©nÃ©ficier :
- dâ€™une formation innovante et de qualitÃ© ;
- dâ€™espaces de travail dotÃ©s dâ€™Ã©quipements et de technologies de haute qualitÃ© ;
- dâ€™un ordinateur subventionnÃ© Ã  85% ;
- dâ€™une dotation mensuelle en connectivitÃ© internet de 10 Go.
Les orientations se font en ligne via la plateforme CAMPUS FASO dans le cadre des demandes dâ€™orientation des bacheliers dans les universitÃ©s publiques.
Deux appels Ã  candidatures pour le Master en Intelligence Artificielle et Fouilles de DonnÃ©es et le Master en Sciences de lâ€™Ã‰ducation et de la Formation sont aussi ouverts, du 14 aoÃ»t au 15 septembre 2024. Ces deux appels peuvent Ãªtre consultÃ©s  sur le site web de lâ€™UV-BF : www.uv.bf
UniversitÃ© Virtuelle du Burkina Faso, une formation universitaire de qualitÃ© pour tous !",['Commentaires non disponibles']
#ğ‘ğ„ğŒğˆğ’ğ„,"#ğ‘ğ„ğŒğˆğ’ğ„ ğƒ'ğğ‘ğƒğˆğğ€ğ“ğ„ğ”ğ‘ğ’ ğ€Ì€ ğ”ğ•-ğğ…
Lâ€™UniversitÃ© Virtuelle du Burkina Faso (UV-BF) informe les Ã©tudiants dont les noms figurent sur les listes ci-dessous qu'ils peuvent passer Ã  l'Espace NumÃ©rique Ouvert de Karpala, du 10 au 14 Juin 2024 afin de rÃ©cupÃ©rer leurs ordinateurs de Marque LENOVO Celeron.
La remise des ordinateurs se fait au sein de l'Espace NumÃ©rique Ouvert de Karpala de 08h Ã  15h.
N.B:
- Chaque Ã©tudianâ€¦ En voir plus",['Commentaires non disponibles']
https://chat.whatsapp.com/BYBMNBwA9G2F8i3mZQMUXL,"# 
 **Participez Ã  la 3Ã¨me Ã©dition de la Campagne de Formation d'Accompagnement et de Partage d'ExpÃ©rience (CFAPE) !** 
## 
* Vous souhaitez renforcer vos compÃ©tences en informatique et logiciels de base ? Ne manquez pas cette formation qui dÃ©bute en **novembre** !*
 **Au programme :**
* Utilisation de l'outil informatique 
* MaÃ®trise de la suite Microsoft Office (Word, Excel, PowerPoint) 
* Utilisation avancÃ©e de Google Workspace (Drive, Docs, Slides...) 
## Modules sur ChatGPT, Xmind et techniques de recherche sur Internet **
**
## **
 SÃ©ances de partage dâ€™expÃ©rience avec des aÃ®nÃ©s !**
Inscrivez-vous vite et boostez votre parcours acadÃ©mique ! 
 **WhatsApp **:[https://chat.whatsapp.com/BYBMNBwA9G2F8i3mZQMUXL](https://chat.whatsapp.com/BYBMNBwA9G2F8i3mZQMUXL...)
 **UniversitÃ© Virtuelle du Burkina Faso**
#Formation #CFAPE #Informatique #Bureautique #Apprentissage #ClubScientifque",['Commentaires non disponibles']
#aiubf,"ğ—­ğ—¢ğ—¢ğ—  ğ—¦ğ—¨ğ—¥ L'ğ—¨ğ—¡ğ—œğ—©ğ—˜ğ—¥ğ—¦ğ—œğ—§ğ—˜Ì¨ ğ—©ğ—œğ—¥ğ—§ğ—¨ğ—˜ğ—Ÿğ—Ÿğ—˜ ğ—•ğ—¨ğ—¥ğ—ğ—œğ—¡ğ—” 
l'universitÃ© virtuelle est une universitÃ© public,les cours se font en ğ—¹ğ—¶ğ—´ğ—»ğ—², l'annÃ©e 2023-2024 avec le projet prÃ©sidentiel 1Ã©tudiant 1ordinateur,les ordinateurs Ã©taient subventionnÃ©s Ã  85% Ainsi que les forfaits internet pour tous les Ã©tudiants qui y sont orientÃ©s,
Les orientations se font sur la plateforme campusFaso tout comme les Ã©tudiants des autres universitÃ©s publiques du Burkina Faso
#aiubf 
 UniversitÃ© Virtuelle du Burkina Faso - UVBF",['Commentaires non disponibles']
UniversitÃ© Virtuelle du Burkina Faso - UVBF,"J'ai eu l'honneur de reprÃ©senter mon universitÃ© et le Burkina Faso Ã  cette occasion.
Merci Ã  tous les acteurs qui ont facilitÃ© cette rencontre enrichissante.
UniversitÃ© Virtuelle du Burkina Faso - UVBF 
AUF Burkina Faso",['Commentaires non disponibles']
Salifou Haroun Ouamdande," Annonce du dÃ©part du PrÃ©sident du Club Scientifique des Ã‰tudiants de l'UniversitÃ© Virtuelle du Burkina Faso (CSE-UV-BF) pour la Semaine Mondiale de la Francophonie Scientifique. 
 Chers membres du Club Scientifique,
C'est avec un immense plaisir que nous annonÃ§ons le dÃ©part de notre prÃ©sident, Salifou Haroun Ouamdande , pour reprÃ©senter notre club Ã  la 4Ã¨me Semaine Mondiale de la Francophonie Scientifique, qui se tiendra du #14 au #18 octobre 2024 Ã  Toulouse. Cet Ã©vÃ©nement international d'envergure rassemble une trentaine de ministres, une centaine de dÃ©cideurs, ainsi que 250 enseignants-chercheurs et experts francophones, venus Ã©changer sur le rÃ´le de la diplomatie scientifique face aux dÃ©fis de l'avenir.
En tant que leader d'association, Salifou Haroun Ouamdande  aura l'opportunitÃ© unique de se joindre Ã  une centaine d'autres Ã©tudiants engagÃ©s dans la vie associative Ã  travers le monde entier, pour partager leurs expÃ©riences et rÃ©flÃ©chir aux enjeux futurs de la francophonie scientifique.
C'est une belle opportunitÃ© pour notre prÃ©sident et pour notre club d'Ãªtre reprÃ©sentÃ©s Ã  ce niveau. Nous lui souhaitons beaucoup de succÃ¨s, de dÃ©couvertes et de belles rencontres au cours de cet Ã©vÃ©nement exceptionnel.
FÃ©licitations et meilleurs vÅ“ux de rÃ©ussite, Salifou Haroun Ouamdande  ! Nous sommes impatients d'entendre les retours enrichissants de cette aventure.
Bien Ã  vous,
Le Club Scientifique des Ã‰tudiants 
.
 #SMFS2024 #cseuvbf
AUF Burkina Faso
UniversitÃ© Virtuelle du Burkina Faso - UVBF",['Commentaires non disponibles']
https://chat.whatsapp.com/BYBMNBwA9G2F8i3mZQMUXL,"*Vous avez du mal Ã  manipuler un ordinateur ?*
Pas de panique ! Le Club Scientifique des Ã‰tudiants de l'UniversitÃ© Virtuelle du Burkina Faso (CSE UV-BF) est lÃ  pour vous accompagner. Depuis trois ans, nous organisons des formations intensives en informatique spÃ©cialement conÃ§ues pour les nouveaux Ã©tudiants.
Pour cette 3Ã¨me Ã©dition, nous vous offrons encore plus d'innovations et des formateurs experts, en partenariat avec diverses structures spÃ©cialisÃ©es. C'est l'occasion idÃ©ale pour acquÃ©rir des compÃ©tences clÃ©s et rÃ©ussir votre parcours universitaire.
Rejoignez notre communautÃ© dynamique et bÃ©nÃ©ficiez de notre accompagnement .
Pour plus dâ€™informations :
 WhatsApp :https://chat.whatsapp.com/BYBMNBwA9G2F8i3mZQMUXL
 Facebook : https://www.facebook.com/share/inhazG5MfTcudKvq/?mibextid=qi2Omg",['Commentaires non disponibles']
#aiubf,"ğ—¨ğ—»ğ—¶ğ˜ƒğ—²ğ—¿ğ˜€ğ—¶ğ˜ğ—²Ì ğ˜ƒğ—¶ğ—¿ğ˜ğ˜‚ğ—²ğ—¹ğ—¹ğ—² ğ—•ğ˜‚ğ—¿ğ—¸ğ—¶ğ—»ğ—® ğ—™ğ—®ğ˜€ğ—¼
RÃ©sultats du test de recrutement de quarante (40) Ã©tudiants en premiÃ¨re annÃ©e de Master Fouilles de DonnÃ©es et Intelligence Artificielle (Master FD & IA), pour le compte de l'annÃ©e acadÃ©mique 2024-2025 a l'UniversitÃ© Virtuelle du Burkina Faso (UV-BF).
Sous rÃ©serve d'un contrÃ´le approfondi, les candidats dont les noms suivent sont dÃ©clarÃ©s admis, par ordre de mÃ©rite, Ã  l'issue de l'instruction des dossiers de candidature pour une inscription en premiÃ¨re annÃ©e de Master Fouilles de DonnÃ©es et Intelligence Artificielle (Master FD & IA), au titre de l'annÃ©e acadÃ©mique 2024-2025.
ğ—–ğ—¼ğ—º ğ˜‚ğ˜ƒğ—¯ğ—³ #aiubf #campusfaso",['Commentaires non disponibles']
IsmaÃ«l Coulibaly,"C'est qui lui ?
C'est bien monsieur IsmaÃ«l Coulibaly 
Un jeune homme intÃ¨gre,trÃ¨s engagÃ© et qui respecte sa parole donnÃ©e. Il est le secrÃ©taire gÃ©nÃ©ral du Club Scientifique des Etudiants de l'UniversitÃ© Virtuelle du Burkina Faso  et chargÃ© d'administration de Business Club Manager  section Finance de Ouagadougou. 
C'est un cadet plein de sagesse que je ne manque jamais l'occasion de lui consulter avant toute prise de dÃ©cision. 
La reconnaissance est plus qu'un prix.
Bon vent Ã  toi et que Dieu guide tes pas.",['Commentaires non disponibles']
#Campus,"#Campus 
ğ—¨ğ—©ğ—•ğ—™ : ğ—£ğ—¥ğ—¢ğ—šğ—¥ğ—”ğ— ğ— ğ—˜ ğ—¨ğ—¡ ğ—˜ğ—§ğ—¨ğ——ğ—œğ—”ğ—¡ğ—§ ğ—¨ğ—¡ ğ—¢ğ—¥ğ——ğ—œğ—¡ğ—”ğ—§ğ—˜ğ—¨ğ—¥
Lâ€™UniversitÃ© Virtuelle du Burkina Faso (UV-BF) informe les Ã©tudiants dont les noms figurent sur les listes ci-dessous qu'ils peuvent passer Ã  l'Espace NumÃ©rique Ouvert de Karpala, le lundi 29 et le mardi 30 Janvier 2024 afin de rÃ©cupÃ©rer leurs ordinateurs Marques HP ET LENOVO.
La remise des ordinateurs se faitâ€¦ En voir plus",['Commentaires non disponibles']
ordinateur.campusfaso.bf," 1 ğ—²Ìğ˜ğ˜‚ğ—±ğ—¶ğ—®ğ—»ğ˜ 1 ğ—¼ğ—¿ğ—±ğ—¶ğ—»ğ—®ğ˜ğ—²ğ˜‚ğ—¿ / UniversitÃ© Virtuelle du Burkina Faso - UVBF 
Ouverture de la plateforme au profit des Ã©tudiants de l'universitÃ© virtuelle
Tu es orientÃ© Ã  l'UV? souscrit dÃ¨s maintenant sur ordinateur.campusfaso.bf
 Assistant dÃ©pÃ´t  77 14 81 14  
Livraison en mois d'une semaine
subventionnÃ©s par l'Ã©tat Ã  85%
ğ—šğ—¿ğ—¼ğ˜‚ğ—½ğ—² ğ—ªğ—µğ—®ğ˜ğ˜€ğ—®ğ—½ğ—½
https://chat.whatsapp.com/Cq8XVx00ldHEHhGmWivMsp
#aiubf",['Commentaires non disponibles']
#Information,"#Information 
ğğ¨ğ­ğÌ ğ'ğ¢ğ§ğŸğ¨ğ«ğ¦ğšğ­ğ¢ğ¨ğ§ ğğ ğ¥'ğ”ğ§ğ¢ğ¯ğğ«ğ¬ğ¢ğ­ğÌ ğ•ğ¢ğ«ğ­ğ®ğğ¥ğ¥ğ 
Lâ€™UniversitÃ© Virtuelle du Burkina Faso (UV-BF) porte a la connaissance des Ã©tudiants dont les noms figurent sur les listes ci-dessous qu'une session de formation sur la prise en main de la plateforme de formation est prÃ©vue en prÃ©sentiel Ã  l'ENO de Karpala le 14 et 15 Novembre 2023. 
L'ordre de passage se fera conformÃ©ment au programme ci-dessous :
- Groupe 1 : mardi 14 Novembre 2023 Ã  partir de 08h
- Groupe 2 : mardi 14 Novembre 2023 Ã  partir de 14h
- Groupe 3 : mardi 15 Novembre 2023 Ã  partir de 08h
Source : CampusFaso",['Commentaires non disponibles']
https://www.youtube.com/watch?v=5J1dOLpAiiw...,"ThÃ¨me du jour : ""Comment se connecter Ã  la plateforme de formation de l'UV-BF ?""
Chers Ã©tudiants, cette vidÃ©o vous guidera Ã©tape par Ã©tape pour effectuer votre premiÃ¨re connexion Ã  notre plateforme de formation en ligne. N'oubliez pas de suivre chaque Ã©tape pour vous assurer un accÃ¨s rapide et sÃ©curisÃ© Ã  vos cours.
Astuce : Prenez des notes pendant la vidÃ©o pour vous rappeler des informations clÃ©s.
Vous trouverez plus de tutoriels vidÃ©o sur la chaÃ®ne YouTube de l'UV-BF Ã  travers ce lien : https://www.youtube.com/watch?v=5J1dOLpAiiw...
Ensemble, maÃ®trisons la plateforme pour rÃ©ussir cette annÃ©e acadÃ©mique.
UniversitÃ© Virtuelle du Burkina Faso, une formation universitaire de qualitÃ© pour tous !",['Commentaires non disponibles']
#Bfquestion,"#Bfquestion
Salut Ã  tous !
Besoin de retour d'expÃ©rience sur l'universitÃ© virtuelle du Burkina Faso.
Les modalitÃ©s d'inscription, les filiÃ¨res disponibles et le dÃ©roulement de l'annÃ©e acadÃ©mique.
Merci",['Commentaires non disponibles']
#Campus,"#Campus 
ğ—–ğ—¢ğ— ğ— ğ—¨ğ—¡ğ—œğ—¤ğ—¨ğ—˜
RÃ©sultats du test de recrutement d'Ã©tudiants en Master Sciences de l'Education et de la Formation (MSEF) pour le compte de l'annÃ©e acadÃ©mique 2024-2025 a l'UniversitÃ© Virtuelle du Burkina Faso (UV-BF).
Sous rÃ©sâ€¦ En voir plus",['Commentaires non disponibles']
https://chat.whatsapp.com/EDN0Jkg3BFCBQahPrd5UY3,"Utilise ce lien pour intÃ©grer mon groupe WhatsApp : https://chat.whatsapp.com/EDN0Jkg3BFCBQahPrd5UY3.
*Nos prestations et services* 
 ```
 DÃ©pÃ´t concours
 DÃ©pÃ´t citÃ© universitaire
 CrÃ©ation Compte Campusfaso
 Inscription PÃ©dagogique et Administrative
 DÃ©pÃ´t un Ã©tudiant un ordinateur
 DÃ©pÃ´t Foner
 DÃ©pÃ´t de Bourse
 Inscription filiÃ¨re Ã  test
 Choix de filiÃ¨re
 Assistance et``` Divers
      *YAC SERVICE INTERNATIONAL, toujour prÃªt de vous !!!*",['Commentaires non disponibles']
https://chat.whatsapp.com/IBrypWhqdKJ3ZCYEd0hvUe,"Tu te poses des questions sur l'universitÃ© virtuelle
Rejoins-nous pour un webinaire exceptionnel avec ING. OUAMDANDE Salifou, initiateur de la communautÃ© virtuelle et prÃ©sident du club scientifique des Ã©tudiants l'universitÃ© virtuelle du Burkina Faso.
Il partagera son expÃ©rience et celle d'autres Ã©tudiants.
Au programme:
TÃ©moignages inspirants sur son parcours Ã  l'UV-BF
OpportunitÃ©s Ã  saisir en tant qu'Ã©tudiant Ã  l'UV-BF
Saisir les clÃ©s de la rÃ©ussite Ã  l'UV-BF
ï¸ 
Mardi 08 octobre 2024 Ã  
 16h sur Meet.
NB
:* *Ã€ ne pas manquer
https://chat.whatsapp.com/IBrypWhqdKJ3ZCYEd0hvUe",['Commentaires non disponibles']
#Campus,"#Campus 
ğ—–ğ—¢ğ— ğ— ğ—¨ğ—¡ğ—œğ—¤ğ—¨ğ—˜
RÃ©sultats du test de recrutement d'Ã©tudiants en Master Sciences de l'Education et de la Formation (MSEF) pour le compte de l'annÃ©e acadÃ©mique 2024-2025 a l'UniversitÃ© Virtuelle du Burkina Faso (UV-BF).
Sous rÃ©serve d'un contrÃ´le approfondi, les candidats dont les noms suivent sont dÃ©clarÃ©s admis, par ordre de mÃ©rite, Ã  l'issue de l'instruction des dossiers de candidature pour une inscription en premiÃ¨re annÃ©e de Master Sciences de l'Education et de la Formation (MSEF) pour le compte de l'annÃ©e acadÃ©mique 2024-2025 a l'UniversitÃ© Virtuelle du Burkina Faso (UV-BF).
UniversitÃ© Virtuelle du Burkina Faso, une formation universitaire de qualitÃ© pour tous !
Source : UV-BF
Abonnez-vous Ã  Oreilleducampus",['Commentaires non disponibles']
#bacheliers," ğ—œğ— ğ—£ğ—¢ğ—¥ğ—§ğ—”ğ—¡ğ—§ / ğ—¨ğ—¡ğ—œğ—©ğ—˜ğ—¥ğ—¦ğ—œğ—§ğ—˜ ğ—©ğ—œğ—¥ğ—§ğ—¨ğ—˜ğ—Ÿğ—Ÿğ—˜
 A l'attention de tous les #bacheliers ( nouveaux comme anciens, nationaux et de l'Ã©tranger )
Les filiÃ¨res disponibles Ã  la session de rattrapage du 16 au 25 septembre 2023
- #Chimie
- #MathÃ©matiques_â€¦ En voir plus",['Commentaires non disponibles']
#RentrÃ©e2024,"#RentrÃ©e2024 - UV-BF : DÃ©couvrez nos tutoriels de prise en main !
ThÃ¨me du jour : ""Modifier un message sur le forum de la plateforme de formation de l'UV-BF.""
Lien : https://www.youtube.com/watch?v=WtVOUal9ZV0...
Chers Ã©tudiants, ce tutoriel vous guide Ã©tape par Ã©tape sur la faÃ§on de modifier un message dÃ©jÃ  publiÃ© dans un forum de discussion sur la plateforme de formation. Vous apprendrez comment repÃ©rer votre message, lâ€™Ã©diter pour corriger des erreurs ou ajouter des informations, puis enregistrer vos modifications pour que le contenu mis Ã  jour soit visible par tous les participants.
Astuce : Veillez toujours Ã  relire vos messages avant de les publier. Si vous devez modifier un message, utilisez lâ€™option dâ€™Ã©dition pour prÃ©ciser la raison du changement (par exemple : ""Correction d'une erreur"" ou ""Ajout de nouvelles informations"") afin dâ€™assurer la clartÃ© des Ã©changes.
En rappel, les accÃ¨s seront bientÃ´t disponibles et une communication spÃ©cifique sera faite pour vous en informer. En attendant, ce tutoriel vous aidera Ã  Ãªtre prÃªt dÃ¨s que les identifiants vous seront envoyÃ©s.
Vous trouverez plus de tutoriels vidÃ©o sur la chaÃ®ne YouTube de l'UV-BF.
Ensemble, maÃ®trisons la plateforme pour rÃ©ussir cette annÃ©e acadÃ©mique.
UniversitÃ© Virtuelle du Burkina Faso, une formation universitaire de qualitÃ© pour tous !",['Commentaires non disponibles']
https://forms.gle/UTRgb47WSxzCStWc8," DeuxiÃ¨me session Facebook Live de l'UV-BF - JEUDI 10 OCTOBRE 2024.
Chers Ã©tudiants,
L'UniversitÃ© Virtuelle du Burkina Faso (UV-BF) vous donne rendez-vous ce jeudi Ã  partir de 14h00 sur notre page pour la deuxiÃ¨me session Facebook Live d'information au profit des nouveaux bacheliers, pour la rentrÃ©e acadÃ©mique 2024-2025.
Nous aborderons des points essentiels pour bien dÃ©marrer lâ€™annÃ©e et rÃ©pondre Ã  toutes vos questions. Au programme de cette session :
1. AccÃ¨s Ã  un wifi et un navigateur avec votre ordinateur.
2. Connexion et dÃ©connexion Ã  la plateforme Moodle.
3. Souscription au programme ""1 Ã©tudiant 1 ordinateur"".
4. Explication du rÃ©gime des Ã©tudes (organisation par semestre, sessions normale et de rattrapage, conditions de validation).
Nâ€™hÃ©sitez pas Ã  nous rejoindre en direct Ã  14h00 pour obtenir toutes les informations dont vous avez besoin pour dÃ©buter cette annÃ©e dans les meilleures conditions.
Partagez nous vos questions via le formulaire disponible a l'adresse suivante : https://forms.gle/UTRgb47WSxzCStWc8
Date limite demain mercredi Ã  00h pour l'envoi de vos questions.
UniversitÃ© Virtuelle du Burkina Faso, une formation universitaire de qualitÃ© pour tous !",['Commentaires non disponibles']
https://chat.whatsapp.com/BYBMNBwA9G2F8i3mZQMUXL,"Vous avez du mal Ã  manipuler un ordinateur ?
Pas de panique ! Le Club Scientifique des Ã‰tudiants de l'UniversitÃ© Virtuelle du Burkina Faso (CSE UV-BF) est lÃ  pour vous accompagner. Depuis trois ans, nous organisons des formations intensives en informatique spÃ©cialement conÃ§ues pour les nouveaux Ã©tudiants.
Pour cette 3Ã¨me Ã©dition, nous vous offrons encore plus d'innovations et des formateurs experts, en partenariat avec diverses structures spÃ©cialisÃ©es. C'est l'occasion idÃ©ale pour acquÃ©rir des compÃ©tences clÃ©s et rÃ©ussir votre parcours universitaire.
Rejoignez notre communautÃ© dynamique et bÃ©nÃ©ficiez de notre accompagnement .
Pour plus dâ€™informations :
 WhatsApp :https://chat.whatsapp.com/BYBMNBwA9G2F8i3mZQMUXL
 Facebook : https://www.facebook.com/share/inhazG5MfTcudKvq/?mibextid=qi2Omg",['Commentaires non disponibles']
#Campus,"#Campus 
ğ—–ğ—¼ğ—ºğ—ºğ˜‚ğ—»ğ—¶ğ—¾ğ˜‚ğ—²Ì ğ—¿ğ—²ğ—¹ğ—®ğ˜ğ—¶ğ—³ ğ—®ğ˜‚ğ˜… ğ—½ğ—¹ğ—®ğ—¶ğ—»ğ˜ğ—²ğ˜€ ğ—±'ğ—²Ìğ˜ğ˜‚ğ—±ğ—¶ğ—®ğ—»ğ˜ğ˜€ ğ—±ğ—² ğ—¹'ğ—¨ğ—»ğ—¶ğ˜ƒğ—²ğ—¿ğ˜€ğ—¶ğ˜ğ—²Ì ğ—©ğ—¶ğ—¿ğ˜ğ˜‚ğ—²ğ—¹ğ—¹ğ—² ğ—±ğ˜‚ ğ—•ğ˜‚ğ—¿ğ—¸ğ—¶ğ—»ğ—® ğ—™ğ—®ğ˜€ğ—¼ (ğ—¨ğ—©-ğ—•ğ—™) ğ—»'ğ—®ğ˜†ğ—®ğ—»ğ˜ ğ˜ğ—¼ğ˜‚ğ—·ğ—¼ğ˜‚ğ—¿ğ˜€ ğ—½ğ—®ğ˜€ ğ—¼ğ—¯ğ˜ğ—²ğ—»ğ˜‚ ğ—¹ğ—²ğ˜‚ğ—¿ ğ—¼ğ—¿ğ—±ğ—¶ğ—»ğ—®ğ˜ğ—²ğ˜‚ğ—¿ ğ—±ğ—®ğ—»ğ˜€ ğ—¹ğ—² ğ—°ğ—®ğ—±ğ—¿ğ—² ğ—±ğ˜‚ ğ—½ğ—¿ğ—¼ğ—´ğ—¿ğ—®ğ—ºğ—ºğ—² Â« ğ˜‚ğ—» ğ—²Ìğ˜ğ˜‚ğ—±ğ—¶ğ—®ğ—»ğ˜, ğ˜‚ğ—» ğ—¼ğ—¿ğ—±ğ—¶ğ—»ğ—®ğ˜ğ—²ğ˜‚ğ—¿ Â».
UniversitÃ© Virtuelle du Burkina Faso, une formation universitaire de qualitÃ© pour tous !
Source : UV-BF
Abonnez-vous Ã  Oreilleducampus",['Commentaires non disponibles']
#RentrÃ©e2024,"#RentrÃ©e2024 - UV-BF : DÃ©couvrez nos tutoriels de prise en main !
ThÃ¨me du jour : ""PrÃ©sentation de l'interface d'un cours sur la plateforme de formation de l'UV-BF.""
Chers Ã©tudiants, cette vidÃ©o vous offre un tour complet de lâ€™interface de chaque cours sur notre plateforme. Vous y dÃ©couvrirez les principales sections, comment accÃ©der aux documents, aux modules, et comment naviguer efficacement Ã  travers les diffÃ©rentes ressources pÃ©dagogiques mises Ã  votre disposition.
Astuce : Prenez le temps de vous familiariser avec chaque section du cours avant de commencer vos lectures. Cela vous permettra de mieux organiser votre apprentissage et de suivre les ressources dans lâ€™ordre recommandÃ© par votre enseignant.
En rappel, les accÃ¨s seront bientÃ´t disponibles et une communication spÃ©cifique sera faite pour vous en informer. En attendant, ce tutoriel vous aidera Ã  Ãªtre prÃªt dÃ¨s que les identifiants vous seront envoyÃ©s.
Vous trouverez plus de tutoriels vidÃ©o sur la chaÃ®ne YouTube de l'UV-BF Ã  travers ce lien : https://www.youtube.com/watch?v=5J1dOLpAiiw...
Ensemble, maÃ®trisons la plateforme pour rÃ©ussir cette annÃ©e acadÃ©mique.
UniversitÃ© Virtuelle du Burkina Faso, une formation universitaire de qualitÃ© pour tous !",['Commentaires non disponibles']
UniversitÃ© Virtuelle du Burkina Faso - UVBF,"ğ—–ğ—œğ—§ğ—”ğ——ğ—˜ğ—Ÿ ğ—™ğ—²ğ—¹ğ—¹ğ—¼ğ˜„ğ˜€  : ğ—¥ğ—²Ìğ˜€ğ˜‚ğ—¹ğ˜ğ—®ğ˜ğ˜€ ğ—±ğ˜‚ ğ—£ğ—¿ğ—¼ğ—´ğ—¿ğ—®ğ—ºğ—ºğ—² ğ—±ğ—² ğ— ğ—®ğ˜€ğ˜ğ—²ğ—¿ ğ—±'ğ—˜ğ˜…ğ—°ğ—²ğ—¹ğ—¹ğ—²ğ—»ğ—°ğ—² ğ—²ğ—» ğ—œğ—” - Cohorte 5 
CITADEL (Centre d'Excellence Interdisciplinaire en Intelligence Artificielle pour le DÃ©veloppement) a le plaisir de dÃ©voiler les rÃ©sultats de l'appel Ã  candidatures pour la 5Ã¨me cohorte de son prestigieux programme de Bourses de Master d'Excellence dÃ©diÃ©es Ã  des stages en Intelligence Artificielle. Sur un grand nombre de candidatures reÃ§ues, quatre Ã©tudiants exceptionnels ont Ã©tÃ© sÃ©lectionnÃ©s pour rejoindre le programme et bÃ©nÃ©ficier d'un encadrement unique pour leurs projets de recherche et d'innovation.
Ces laurÃ©ats bÃ©nÃ©ficieront dâ€™un accÃ¨s Ã  des ressources de recherche de pointe, dâ€™un mentorat personnalisÃ© avec les experts du centre, et dâ€™une opportunitÃ© inÃ©dite de collaborer avec un rÃ©seau mondial dâ€™experts en IA. Ils auront Ã©galement une visibilitÃ© accrue lors de confÃ©rences internationales, renforÃ§ant ainsi leur impact dans le domaine de lâ€™intelligence artificielle, tant au niveau local que global.
Un Programme pour l'Excellence et l'Innovation
Le programme de Bourses de Master d'Excellence du CITADEL vise Ã  soutenir les talents prometteurs d'Afrique francophone en leur offrant les outils et les ressources nÃ©cessaires pour exceller dans le domaine de l'IA. Il sâ€™inscrit dans une dÃ©marche dâ€™innovation technologique pour rÃ©pondre aux dÃ©fis locaux tout en contribuant Ã  lâ€™avancement global de la recherche en IA.
FÃ©licitations aux laurÃ©ats de cette nouvelle cohorte, et merci Ã  tous les candidats pour la qualitÃ© de leurs dossiers. CITADEL continue de promouvoir l'excellence acadÃ©mique et l'innovation en IA Ã  travers des initiatives structurantes pour l'avenir du continent africain.
[ğ‚ğˆğ“ğ€ğƒğ„ğ‹], ğ‘ğ‘œğ‘¢ğ‘  ğ‘ğ‘œğ‘›ğ‘ ğ‘¡ğ‘Ÿğ‘¢ğ‘–ğ‘ ğ‘œğ‘›ğ‘  ğ‘™ğ‘’ğ‘  ğ‘‡ğ‘ğ‘™ğ‘’ğ‘›ğ‘¡ğ‘  ğ‘’ğ‘¡ ğ‘™ğ‘’ğ‘  ğ¶ğ‘ğ‘ğ‘ğ‘ğ‘–ğ‘¡ğ‘’Ìğ‘  ğ‘’ğ‘› ğ¼ğ´ ğ‘ğ‘œğ‘¢ğ‘Ÿ ğ‘™ğ‘’ ğµğ‘¢ğ‘Ÿğ‘˜ğ‘–ğ‘›ğ‘ ğ¹ğ‘ğ‘ ğ‘œ ğ‘’ğ‘¡ ğ‘™â€™ğ´ğ‘“ğ‘Ÿğ‘–ğ‘ğ‘¢ğ‘’ ğ¹ğ‘Ÿğ‘ğ‘›ğ‘ğ‘œğ‘â„ğ‘œğ‘›ğ‘’.
UniversitÃ© Virtuelle du Burkina Faso - UVBF AI4D Africa IDRC / CRDI Open Burkina Sida - Styrelsen fÃ¶r Internationellt Utvecklingssamarbete
#CITADEL  #IA #Innovation #development #technology #talent",['Commentaires non disponibles']
#RentrÃ©e2024,"#RentrÃ©e2024 - UV-BF : DÃ©couvrez nos tutoriels de prise en main !
Chers Ã©tudiants, la rentrÃ©e 2024-2025 approche Ã  grands pas, et pour vous accompagner au mieux dans la dÃ©couverte de notre plateforme de formation, l'UniversitÃ© Virtuelle du Burkina Faso (UV-BF) lance une sÃ©rie de tutoriels vidÃ©o.
Ã€ partir de ce lundi 30 septembre et jusqu'au 15 novembre 2024, nous diffuserons 17 tutoriels vidÃ©o pour vous guider pas Ã  pas dans lâ€™utilisation de notre plateforme de cours. Chaque vidÃ©o sera partagÃ©e ici sur notre page Facebook et Ã©galement disponible sur notre chaÃ®ne YouTube officielle.
En rappel, les accÃ¨s Ã  la plateforme de formation ne sont pas encore disponibles. Ils seront envoyÃ©s bientÃ´t Ã  tous les Ã©tudiants inscrits, et une communication sera faite pour vous en informer. En attendant, nous vous encourageons Ã  suivre ces tutoriels pour vous prÃ©parer Ã  l'utilisation de la plateforme dÃ¨s que vous recevrez vos identifiants.
ThÃ¨me du jour : ""Comment se dÃ©connecter de la plateforme de formation de l'UV-BF ?""
Chers Ã©tudiants, cette vidÃ©o vous montrera la procÃ©dure Ã  suivre pour vous dÃ©connecter de votre espace Ã©tudiant en toute sÃ©curitÃ© aprÃ¨s vos sessions de cours. N'oubliez pas de toujours vous dÃ©connecter lorsque vous avez terminÃ© votre utilisation pour protÃ©ger vos informations personnelles et garantir la sÃ©curitÃ© de votre compte.
Astuce : Assurez-vous de ne pas cocher ""Rester connectÃ©"" lorsque vous utilisez un appareil public ou partagÃ©.
Vous trouverez plus de tutoriels vidÃ©o sur la chaÃ®ne YouTube de l'UV-BF Ã  travers ce lien : https://www.youtube.com/watch?v=5J1dOLpAiiw...
Ensemble, maÃ®trisons la plateforme pour rÃ©ussir cette annÃ©e acadÃ©mique.
UniversitÃ© Virtuelle du Burkina Faso, une formation universitaire de qualitÃ© pour tous !",['Commentaires non disponibles']
#p24,"Pour ceux lÃ  qui me demandent le lien de leur groupe de filiÃ¨re en privÃ©.sachez que je peux pas vous le trouver tous.voila le lien de la communautÃ© #p24 en commentaire 
 Ã  travers ce lien de la communautÃ© vous pouvez maintenant intÃ©grer votre groupe de filiÃ¨re.",['Commentaires non disponibles']
ordinateur.campusfaso.bf," 1 Ã©tudiant 1 ordinateur / UniversitÃ© Virtuelle du Burkina Faso - UVBF 
Ouverture de la plateforme au profit des Ã©tudiants de l'universitÃ© virtuelle
Tu es orientÃ© Ã  l'UV? souscrit dÃ¨s maintenant sur ordinateur.campusfaso.bf
Livraison en mois d'une semaine
subventionnÃ©s par l'Ã©tat Ã  85%",['Commentaires non disponibles']
#campusfaso,"Le prÃ©sident de l'UniversitÃ© Virtuelle du Burkina Faso (UV-BF) porte a la connaissance des bacheliers, nouvellement orientÃ©s dans les diffÃ©rentes filiÃ¨res de l'UV-BF, Ã  l'issue des sessions d'orientation au titre de l'annÃ©e 2024, que la rentrÃ©e acadÃ©mique 2024-2025 est prÃ©vue pour le mardi 1Â° octobre 2024.
A cet effet, diffÃ©rentes activitÃ©s sont prÃ©vues selon le planning dans le tableau ci dessous.
UniversitÃ© Virtuelle du Burkina Faso, une formation universitaire de qualitÃ© pour tous !
#campusfaso #aiubf",['Commentaires non disponibles']
#RentrÃ©e2024,"#RentrÃ©e2024 - UV-BF : DÃ©couvrez nos tutoriels de prise en main !
ThÃ¨me du jour 6 : ""PrÃ©sentation des ressources sur la plateforme de formation de l'UV-BF.""
Lien : https://www.youtube.com/watch?v=bT6xaUyWY0g...
Chers Ã©tudiants, cette vidÃ©o vous montre comment accÃ©der et utiliser efficacement les ressources pÃ©dagogiques disponibles sur la plateforme de formation de lâ€™UV-BF. Vous y dÃ©couvrirez comment naviguer entre les documents de cours, les vidÃ©os, les supports supplÃ©mentaires et les guides acadÃ©miques pour enrichir votre apprentissage.
Astuce : Utilisez la fonction de recherche intÃ©grÃ©e pour trouver rapidement les ressources spÃ©cifiques dont vous avez besoin pour vos rÃ©visions et travaux. Nâ€™oubliez pas dâ€™explorer la bibliothÃ¨que en ligne pour un accÃ¨s complÃ©mentaire Ã  des ressources variÃ©es.
En rappel, les accÃ¨s seront bientÃ´t disponibles et une communication spÃ©cifique sera faite pour vous en informer. En attendant, ce tutoriel vous aidera Ã  Ãªtre prÃªt dÃ¨s que les identifiants vous seront envoyÃ©s.
Ensemble, maÃ®trisons la plateforme pour rÃ©ussir cette annÃ©e acadÃ©mique.
UniversitÃ© Virtuelle du Burkina Faso, une formation universitaire de qualitÃ© pour tous !",['Commentaires non disponibles']
UniversitÃ© Virtuelle du Burkina Faso - UVBF,"DÃ©couvrons UniversitÃ© Virtuelle du Burkina Faso - UVBF 
Les #orientations dans cette universitÃ© se font au mÃªme moment que dans les universitÃ©s classiques Ã   travers la plateforme forme www.campusfaso.bf .
Du 7 au 17 septembre 2024 ,il y a la session de rattrapage.",['Commentaires non disponibles']
https://uv.bf/formulaire-de-sondage-du-lieu-souhaite.../,"Formulaire de Sondage du lieu souhaitÃ© pour le retrait des puces tÃ©lÃ©phoniques afin de bÃ©nÃ©ficier de data gratuits (MÃ©gas de connexion)
Dans le cadre de lâ€™accompagnement des Ã©tudiants avec la connexion internet, lâ€™UniversitÃ© Virtuelle du Burkina Faso (UV-BF) met Ã  la disposition de ses Ã©tudiants des Cartes SIM ORANGE (puces tÃ©lÃ©phoniques) dÃ©diÃ©es qui seront rechargÃ©es Ã  hauteur de 10 Go/mois.
A cet effet, elle invite les Ã©tudiants dont les noms sont inscrits sur les listes ci-dessous Ã  consulter les lieux de retrait indiquÃ©s sur ces listes pour le retrait des leurs Cartes SIM.
Consulter les listes sur notre site internet : https://uv.bf/formulaire-de-sondage-du-lieu-souhaite.../
Pour les Ã©tudiants qui souhaitent changer le lieu de retrait indiquÃ©, merci de choisir la ville dans laquelle vous souhaitez retirer votre carte sim en remplissant le formulaire.
Bien vouloir remplir soigneusement le formulaire avec les bonnes informations au plus tard le 05 aoÃ»t 2024 Ã  23 h 59.
Lien du formulaire : https://forms.gle/YYUpfQ6LZhuPSeHp8
NB:
â€“ PriÃ¨re Ã  ceux dont les noms ne figurent pas sur les listes, de pas renseigner le formulaire car ils ne seront pas pris en compte. Ces listes tiennent compte des Ã©tudiants rÃ©guliÃ¨rement inscrits Ã  lâ€™UV-BF et qui prennent part rÃ©guliÃ¨rement aux activitÃ©s dâ€™enseignement et dâ€™Ã©valuation.
â€“ Ceux qui souhaitent conserver le lieu de retrait indiquÃ© sur les listes nâ€™ont pas besoin de remplir le formulaire
â€“ Un programme et les lieux prÃ©cis de retrait par ville vous seront communiquÃ©s dans une note dâ€™information la semaine du 5 aoÃ»t 2024.
UniversitÃ© Virtuelle du Burkina Faso, une formation universitaire de qualitÃ© pour tous !",['Commentaires non disponibles']
UniversitÃ© Virtuelle du Burkina Faso - UVBF," ğ—¥ğ—˜ğ— ğ—œğ—¦ğ—˜ ğ——'ğ—¢ğ—¥ğ——ğ—œğ—¡ğ—”ğ—§ğ—˜ğ—¨ğ—¥ / UniversitÃ© Virtuelle du Burkina Faso - UVBF
Les Ã©tudiants dont les noms figurent sur les listes ci-dessous peuvent passer Ã  l'Espace NumÃ©rique Ouvert de Karpala, ce Vendredi 08 DÃ©cembre 2023 afin de rÃ©cupÃ©rer leurs ordinateurs Marques LENOVO CELERON et LENOVO core i3.
La remise des ordinateurs se fait au sein de l'Espace NumÃ©rique Ouvert de Karpala de 08h Ã  15h.
N.B:
â€“ Chaque Ã©tudiant doit se munir de sa CNIB pour le retrait de son ordinateur,
â€“ Pour le retrait pour une tierce personne, vous devez disposer dâ€™une procuration en bonne et due forme.
#assistance de dÃ©pÃ´t : 65 02 29 27 (WhatsApp)
#Appel: 60 18 76 36/ 79 19 13 47 
IntÃ©grez le groupe WhatsApp d'info 
ici 
https://chat.whatsapp.com/KLffYQtdVsSLxo8bSTLn0c
HMAB Service, votre meilleur service d'assistance en ligne !
@followers 
#programme_1_etudiant_1ordinateur",['Commentaires non disponibles']
ordinateur.campusfaso.bf," 1 ğ—²Ìğ˜ğ˜‚ğ—±ğ—¶ğ—®ğ—»ğ˜ 1 ğ—¼ğ—¿ğ—±ğ—¶ğ—»ğ—®ğ˜ğ—²ğ˜‚ğ—¿ / UniversitÃ© Virtuelle du Burkina Faso - UVBF 
Ouverture de la plateforme au profit des Ã©tudiants de l'universitÃ© virtuelle
Tu es orientÃ© Ã  l'UV? souscrit dÃ¨s maintenant sur ordinateur.campusfaso.bf
 Assistant dÃ©pÃ´t 77 14 81 14 
Livraison en mois d'une semaine
subventionnÃ©s par l'Ã©tat Ã  85%
ğ—šğ—¿ğ—¼ğ˜‚ğ—½ğ—² ğ—ªğ—µğ—®ğ˜ğ˜€ğ—®ğ—½ğ—½
https://chat.whatsapp.com/Cq8XVx00ldHEHhGmWivMsp
#aiubf",['Commentaires non disponibles']
UniversitÃ© Virtuelle du Burkina Faso - UVBF," ğ—¥ğ—˜ğ— ğ—œğ—¦ğ—˜ ğ——'ğ—¢ğ—¥ğ——ğ—œğ—¡ğ—”ğ—§ğ—˜ğ—¨ğ—¥ /UVBF
UniversitÃ© Virtuelle du Burkina Faso - UVBF  informe les Ã©tudiants dont les noms figurent sur les listes ci-dessous qu'ils peuvent passer Ã  l'Espace NumÃ©rique Ouvert de Karpala, du  ğŸğŸ‘ ğšğ® ğŸğŸ’ ğ‰ğ®ğ¢ğ¥ğ¥ğğ­ ğŸğŸğŸğŸ’ ğšğŸğ¢ğ§ ğğ ğ«Ã©ğœğ®ğ©Ã©ğ«ğğ« ğ¥ğğ®ğ«ğ¬ ğ¨ğ«ğğ¢ğ§ğšğ­ğğ®ğ«ğ¬ ğğ ğŒğšğ«ğªğ®ğ ğ€ğ’ğ”ğ’ ğ¢ğŸ‘.
La remise des ordinateurs se fait au sein de l'Espace NumÃ©rique Ouvert de Karpala de 08h Ã  15h.
N.B:
- Chaque Ã©tudiant doit se munir de sa CNIB pour le retrait de son ordinâ€¦ En voir plus",['Commentaires non disponibles']
#RentrÃ©e2024,"#RentrÃ©e2024 - UV-BF : DÃ©couvrez nos tutoriels de prise en main !
Chers Ã©tudiants, la rentrÃ©e 2024-2025 approche Ã  grands pas, et pour vous accompagner au mieux dans la dÃ©couverte de notre plateforme de formation, l'UniversitÃ© Virtuelle du Burkina Faso (UV-BF) lance une sÃ©rie de tutoriels vidÃ©o.
Ã€ partir de ce lundi 30 septembre et jusqu'au 15 novembre 2024, nous diffuserons 17 tutoriels vidÃ©o pour vous guider pas Ã  pas dans lâ€™utilisation de notre plateforme de cours. Chaque vidÃ©o sera partagÃ©e ici sur notre page Facebook et Ã©galement disponible sur notre chaÃ®ne YouTube officielle.
ThÃ¨me du jour : ""Comment se connecter Ã  la plateforme de formation de l'UV-BF ?""
Cette vidÃ©o vous guidera Ã©tape par Ã©tape pour effectuer votre premiÃ¨re connexion Ã  notre plateforme de formation en ligne. N'oubliez pas de suivre chaque Ã©tape pour vous assurer un accÃ¨s rapide et sÃ©curisÃ© Ã  vos cours.
Astuce : Prenez des notes pendant la vidÃ©o pour vous rappeler des informations clÃ©s.
Vous trouverez plus de tutoriels vidÃ©o sur la chaÃ®ne YouTube de l'UV-BF Ã  travers ce lien : https://www.youtube.com/watch?v=5J1dOLpAiiw...
Ensemble, maÃ®trisons la plateforme pour rÃ©ussir cette annÃ©e acadÃ©mique.
UniversitÃ© Virtuelle du Burkina Faso, une formation universitaire de qualitÃ© pour tous !",['Commentaires non disponibles']
UniversitÃ© Virtuelle du Burkina Faso - UVBF,"UniversitÃ© Virtuelle du Burkina Faso - UVBF  informe les Ã©tudiants dont les noms figurent sur les listes ci-dessous qu'ils peuvent passer Ã  l'Espace NumÃ©rique Ouvert de Karpala, ğ¥ğ ğŸğŸ” ğ‰ğ®ğ¢ğ¥ğ¥ğğ­ ğŸğŸğŸğŸ’ ğšğŸğ¢ğ§ ğğ ğ«Ã©ğœğ®ğ©Ã©ğ«ğğ« ğ¥ğğ®ğ«ğ¬ ğ¨ğ«ğğ¢ğ§ğšğ­ğğ®ğ«ğ¬ ğğ ğŒğšğ«ğªğ®ğ ğ‡ğ€ğˆğ„ğ‘ ğ‚ğğ¥ğğ«ğ¨ğ§ ğğ­ ğ‡ğˆ ğ‚ğğ¥ğğ«ğ¨ğ§.
Par ailleurs, tout Ã©tudiant ayant eu sa subvention accordÃ©e et ayant la preuve, peut passer rÃ©cupÃ©rer son ordinateur, mÃªme si son nom ne figure pas sur la prÃ©sente liste.
La remise des ordinateurs se fait au sein de l'Espace NumÃ©rique Ouvert de Karpala de 08h Ã  15h.
N.B:
- Chaque Ã©tudiant doit se munir de sa CNIB pour le retrait de son ordinateur,
- Pour le retrait pour une tierce personne, vous devez disposer d'une procuration en bonne et due forme.
UniversitÃ© Virtuelle du Burkina Faso, une formation universitaire de qualitÃ© pour tous !",['Commentaires non disponibles']
Salifou Haroun Ouamdande,"Bonsoirs les cadet qui viennent d'arriver Ã  l'UniversitÃ© Virtuelle du Burkina.
Vous allez entendre du tout et du rien sur l'universitÃ© Virtuelle mais ne vous laissez jamais dÃ©courager.
Il y a des aÃ®nÃ©s qui ont rÃ©ussi Ã  y faire un brillant parcours a l'image de Salifou Haroun Ouamdande donc vous aussi vous pouvez y arriver.
Je reste disponible pour vous accompagner du mieux que je peux.
Voici mon contact (uniquement WhatsApp)+22652248240 Hanniel Elischama",['Commentaires non disponibles']
UniversitÃ© Virtuelle du Burkina Faso - UVBF,"Quelques avantages d'Ã©tudes Ã  UniversitÃ© Virtuelle du Burkina Faso - UVBF 
Voici l'image 
ğ’ğğ¬ğ¬ğ¢ğ¨ğ§ ğğ ğ«ğšğ­ğ­ğ«ğšğ©ğšğ ğ ğğğ¬ ğ¨ğ«ğ¢ğğ§ğ­ğšğ­ğ¢ğ¨ğ§ğ¬ ğğ® ğŸğŸ• ğšğ® ğŸğŸ• ğ¬ğğ©ğ­ğğ¦ğ›ğ«ğ ğŸğŸğŸğŸ’
ğ—£ğ—¼ğ˜‚ğ—¿ ğ˜ğ—¼ğ˜‚ğ˜ ğ˜ƒğ—¼ğ˜€ ğ—¯ğ—²ğ˜€ğ—¼ğ—¶ğ—»ğ˜€ ğ—±'ğ—®ğ˜€ğ˜€ğ—¶ğ˜€ğ˜ğ—®ğ—»ğ—°ğ—² ğ—®ğ˜‚ ğ—±Ã©ğ—½Ã´ğ˜ ğ—±'ğ—¼ğ—¿ğ—¶ğ—²ğ—»ğ˜ğ—®ğ˜ğ—¶ğ—¼ğ—», ğ—±'ğ—¶ğ—»ğ˜€ğ—°ğ—¿ğ—¶ğ—½ğ˜ğ—¶ğ—¼ğ—», ğ—±ğ—² ğ—±ğ—²ğ—ºğ—®ğ—»ğ—±ğ—² ğ—²ğ—» ğ—°ğ—¶ğ˜Ã© ğ˜‚ğ—»ğ—¶ğ˜ƒğ—²ğ—¿ğ˜€ğ—¶ğ˜ğ—®ğ—¶ğ—¿ğ—², ğ—±ğ—² ğ—™ğ—¢ğ—¡ğ—˜ğ—¥ ğ—¼ğ˜‚ ğ—•ğ—¼ğ˜‚ğ—¿ğ˜€ğ—² ğ—±'Ã©ğ˜ğ˜‚ğ—±ğ—²ğ˜€, #Contactez nous au : +226
60 18 76 36/ 79 19 13 47 
#Whatsapp: 65 02 29 27
#IntÃ©grez le groupe WhatsApp d'info 
ici 
https://chat.whatsapp.com/KLffYQtdVsSLxo8bSTLn0c
Siraly Campus, ğ‘£ğ‘œğ‘¡ğ‘Ÿğ‘’ ğ‘šğ‘’ğ‘–ğ‘™ğ‘™ğ‘’ğ‘¢ğ‘Ÿ ğ‘ ğ‘’ğ‘Ÿğ‘£ğ‘–ğ‘ğ‘’ ğ‘‘'ğ‘ğ‘ ğ‘ ğ‘–ğ‘ ğ‘¡ğ‘ğ‘›ğ‘ğ‘’ ğ‘’ğ‘› ğ‘™ğ‘–ğ‘”ğ‘›ğ‘’",['Commentaires non disponibles']
#Rğ—œğ—¡ğ—¦ğ—–ğ—¥ğ—œğ—£ğ—§ğ—œğ—¢ğ—¡,"#Rğ—œğ—¡ğ—¦ğ—–ğ—¥ğ—œğ—£ğ—§ğ—œğ—¢ğ—¡ ğ——ğ—˜ğ—¦ ğ—˜ğ—§ğ—¨ğ——ğ—œğ—”ğ—¡ğ—§ğ—¦/ UniversitÃ© Virtuelle du Burkina Faso - UVBF
ğ’ğğ¬ğ¬ğ¢ğ¨ğ§ ğğ ğ«Ã©ğ¢ğ§ğ¬ğœğ«ğ¢ğ©ğ­ğ¢ğ¨ğ§ğ¬ ğšğğ¦ğ¢ğ§ğ¢ğ¬ğ­ğ«ğšğ­ğ¢ğ¯ğ ğğ­ ğ©Ã©ğğšğ ğ¨ğ ğ¢ğªğ®ğ ğğ§ ğ‹ğŸ, ğ‹ğŸ ğğ­ ğ‹ğŸ‘ ğšğ® ğ­ğ¢ğ­ğ«ğ ğğ ğ¥'ğšğ§ğ§Ã©ğ ğšğœğšğÃ©ğ¦ğ¢ğªğ®ğ ğŸğŸğŸğŸ‘-ğŸğŸğŸğŸ’ / ğ”ğ§ğ¢ğ¯ğğ«ğ¬ğ¢ğ­Ã© ğ•ğ¢ğ«ğ­ğ®ğğ¥ğ¥ğ ğğ® ğğ®ğ«ğ¤ğ¢ğ§ğš 
Lieu : en ligne sur Campusfaso
PÃ©riode : 13 au 23 fÃ©vrier 2024 inclus.
Source : UniversitÃ© Virtuelle du Burkina Faso
#assistance_depÃ´ts :
#Whatsap : +226 65 02 29 27
#Appel : +226 60 18 76 36/ 79 19 13 47 â€¦ En voir plus",['Commentaires non disponibles']
#RentrÃ©e2024,"#RentrÃ©e2024 - UV-BF : DÃ©couvrez nos tutoriels de prise en main !
ThÃ¨me du jour : ""PrÃ©sentation des activitÃ©s sur la plateforme de formation de l'UV-BF.""
Chers Ã©tudiants, cette vidÃ©o vous prÃ©sente les diffÃ©rentes activitÃ©s que vous pourrez rÃ©aliser sur la plateforme de formation, telles que les forums de discussion, les devoirs en ligne, les tests et les sondages. Vous y dÃ©couvrirez comment ces activitÃ©s s'intÃ¨grent dans votre parcours acadÃ©mique et contribuent Ã  votre apprentissage interactif.
Astuce : Nâ€™hÃ©sitez pas Ã  utiliser rÃ©guliÃ¨rement les forums pour interagir avec vos enseignants et vos camarades. Câ€™est un excellent moyen de poser des questions, de partager des idÃ©es et de renforcer votre comprÃ©hension des cours.
En rappel, les accÃ¨s seront bientÃ´t disponibles et une communication spÃ©cifique sera faite pour vous en informer. En attendant, ce tutoriel vous aidera Ã  Ãªtre prÃªt dÃ¨s que les identifiants vous seront envoyÃ©s.
Vous trouverez plus de tutoriels vidÃ©o sur la chaÃ®ne YouTube de l'UV-BF Ã  travers ce lien : https://www.youtube.com/watch?v=5J1dOLpAiiw...
Ensemble, maÃ®trisons la plateforme pour rÃ©ussir cette annÃ©e acadÃ©mique.
UniversitÃ© Virtuelle du Burkina Faso, une formation universitaire de qualitÃ© pour tous !",['Commentaires non disponibles']
https://www.campusfaso.bf/formations/rechercher-formation,"UNIVERSITÃ‰ VIRTUELLE DU BURKINA FASO (UV-BF)
Les avantages pour les orientÃ©s :
Ã‰tudiez Ã  votre rythme et n'importe oÃ¹ 
Une puce Orange avec 10Go/mois
Des ordinateurs subventionnÃ©s Ã  80% par l'Ã‰tat
Connexion internet dans toutes les universitÃ©s et centres de recherches dans les regions
Une formation de haute qualitÃ© toute en restant Ã  la maison
Espace NumÃ©rique Ouvert (ENO) disponible 
Assistance en ligne pour toutes difficultÃ©s
ğ’ğğ¬ğ¬ğ¢ğ¨ğ§ ğğ ğ«ğšğ­ğ­ğ«ğšğ©ğšğ ğ ğğğ¬ ğ¨ğ«ğ¢ğğ§ğ­ğšğ­ğ¢ğ¨ğ§ğ¬ ğğ® ğŸğŸ• ğšğ® ğŸğŸ• ğ¬ğğ©ğ­ğğ¦ğ›ğ«ğ ğŸğŸğŸğŸ’
Retrouvez les filiÃ¨res de l'UV-BF ici  https://www.campusfaso.bf/formations/rechercher-formation
L'universitÃ© sans frontiÃ¨res! 
Pour plus d'informations : www.uv.bf
#BurkinaFaso #universiteÌ #institut",['Commentaires non disponibles']
www.campusfaso.bf,"Inscription pÃ©dagogique et chronogramme de la rentrÃ©e acadÃ©mique 2023-2024 des Ã©tudiants orientÃ©s Ã  lâ€™UV-BF.
Le PrÃ©sident de lâ€™UniversitÃ© Virtuelle du Burkina Faso (UV-BF), porte a la connaissance des bacheliers orientÃ©s a lâ€™UV-BF au titre de lâ€™annÃ©e acadÃ©mique 2023-2024 que les inscriptions pÃ©dagogiques sont ouvertes en ligne sur la plateforme CAMPUSFASO (www.campusfaso.bf) du mardi 03 au dimanche 15 Octobre 2023 inclus. 
Par ailleurs, il porte Ã  leur connaissance, le chronogramme de la rentrÃ©e acadÃ©mique 2023-2024.
UniversitÃ© Virtuelle du Burkina Faso, une formation universitaire de qualitÃ© pour tous !",['Commentaires non disponibles']
UniversitÃ© Virtuelle du Burkina Faso - UVBF,"ğ—¥ğ—˜ğ— ğ—œğ—¦ğ—˜ ğ——'ğ—¢ğ—¥ğ——ğ—œğ—¡ğ—”ğ—§ğ—˜ğ—¨ğ—¥
Lâ€™ UniversitÃ© Virtuelle du Burkina Faso - UVBF  informe les Ã©tudiants dont les noms figurent sur les listes ci-dessous qu'ils peuvent passer Ã  l'Espace NumÃ©rique Ouvert de Karpala, ce Mardi 28 Novembre 2023 afin de rÃ©cupÃ©rer leurs ordinateurs (Marques HP Celeron).
La remise des ordinateurs se fait au sein de l'Espace NumÃ©rique Ouvert de Karpala de 08h Ã  15h.
N.B:
- Chaque Ã©tudiant doit se munir de sa CNIB pour le retrait de son ordinateur,
- Pour le retrait pour une tierce personne, vous devez disposer d'une procuration en bonne et due forme.
Srce: UVBF
#assistance dÃ©pÃ´t: 65 02 29 27 (WhatsApp)
#APPEL : 60 18 76 36/ 79 19 13 47 
IntÃ©grez le groupe WhatsApp d'info:
https://chat.whatsapp.com/KLffYQtdVsSLxo8bSTLn0c",['Commentaires non disponibles']
https://www.campusfaso.bf/,"Le PrÃ©sident de l'UniversitÃ© Virtuelle du Burkina Faso (UV-BF) porte Ã  la connaissance des Ã©tudiants des filiÃ¨res Physiques et IngÃ©nierie de l'Energie, Chimie, SVT que les rÃ©inscriptions administrative et pÃ©dagogique en L1 (redoublants) et L2 (admis et redoublants) au titre de l'annÃ©e acadÃ©mique 2023-2024 sont ouvertes en ligne sur la plateforme Campusfaso (https://www.campusfaso.bf/) du mardi 02 au vendredi 12 Avril 2024 inclus.
UniversitÃ© Virtuelle du Burkina Faso, une formation universitaire de qualitÃ© pour tous !
ğ™‰ğ™¤ğ™ªğ™¨ ğ™¥ğ™–ğ™¨ğ™¨ğ™¤ğ™£ğ™¨ ğ™—ğ™šğ™–ğ™ªğ™˜ğ™¤ğ™ªğ™¥ ğ™™'ğ™ğ™£ğ™›ğ™¤ğ™§ğ™¢ğ™–ğ™©ğ™ğ™¤ğ™£ ğ™¨ğ™ªğ™§ ğ™£ğ™¤ğ™¨ ğ™¨ğ™©ğ™–ğ™©ğ™ªğ™©ğ™¨, ğ™«ğ™šğ™ªğ™ğ™¡ğ™¡ğ™šğ™¯ ğ™šğ™£ğ™§ğ™šğ™œğ™ğ™¨ğ™©ğ™§ğ™šğ™§ ğ™£ğ™¤ğ™©ğ™§ğ™š ğ™£ğ™ªğ™¢ğ™šÌğ™§ğ™¤ 52654045 ğ™šğ™© ğ™£ğ™¤ğ™ªğ™¨ ğ™šğ™£ğ™«ğ™¤ğ™®ğ™šğ™§ ğ™«ğ™¤ğ™©ğ™§ğ™š ğ™£ğ™¤ğ™¢ ğ™¥ğ™¤ğ™ªğ™§ ğ™šÌ‚ğ™©ğ™§ğ™š ğ™šğ™£ğ™§ğ™šğ™œğ™ğ™¨ğ™©ğ™§ğ™šğ™§ ğ™–ğ™ªğ™¨ğ™¨ğ™  !!! 
===> *Destin Multi services*   ",['Commentaires non disponibles']
https://docs.google.com/.../1FAIpQLSceNPJOODO.../viewform...,"Si vous avez des questions sur le dÃ©roulement des cours, des devoirs, lâ€™utilisation de la plateforme, la subvention des ordinateurs, les puces ou toute autre prÃ©occupation, posez vos questions en cliquant sur le lien :
 https://docs.google.com/.../1FAIpQLSceNPJOODO.../viewform...
L'universitÃ© Virtuelle du Burkina Faso (UV-BF) rÃ©pondra en direct Ã  toutes vos questions lors des sessions Live des 3 et 10 octobre 2024.
 Vous avez jusqu'Ã  demain 2 octobre Ã  minuit pour soumettre",['Commentaires non disponibles']
UniversitÃ© Virtuelle du Burkina Faso - UVBF,"UniversitÃ© Virtuelle du Burkina Faso - UVBF une formation de QualitÃ© pour tous..
L'universitÃ© est PUBLIC,Lors de vos demandes d'orientations, scrollez juste enâ€¦ En voir plus",['Commentaires non disponibles']
Club,Un grand plaisir pour nous d'organiser une activitÃ© avec le prÃ©sident du Club Scientifique des Etudiants de l'UniversitÃ© Virtuelle du Burkina Faso  M.Salifou Haroun Ouamdande,['Commentaires non disponibles']
OUAMDANDE SALIFOU,"Le webinaire intitulÃ© Â« UniversitÃ© virtuelle : opportunitÃ© ou Ã©chec ? TÃ©moignages Â» a Ã©tÃ© marquÃ© par l'intervention de M. OUAMDANDE SALIFOU  , prÃ©sident du Club Scientifique et initiateur de la CommunautÃ© Virtuelle du Faso, qui a partagÃ© ses rÃ©flexions et son expÃ©rience sur lâ€™universitÃ© virtuelle.
Selon lui, il est primordial pour les Ã©tudiants de lâ€™UniversitÃ© Virtuelle du Burkina Faso de rester connectÃ©s les uns aux autres afin de prÃ©venir tout risque dâ€™isolement. Il a ainsi dÃ©montrÃ© que lâ€™universitÃ© virtuelle constitue une vÃ©ritable opportunitÃ© pour ceux qui sâ€™y investissent pleinement.
GrÃ¢ce Ã  sa flexibilitÃ©, elle offre aux Ã©tudiants la possibilitÃ© de suivre une formation de qualitÃ© tout en conciliant dâ€™autres responsabilitÃ©s. Toutefois, il a Ã©galement soulignÃ© que lâ€™universitÃ© virtuelle exige une discipline rigoureuse et une excellente organisation personnelle pour garantir le succes
M. Salifou Haroun Ouamdande   a encouragÃ© les participants en affirmant quâ€™il est tout Ã  fait envisageable de suivre plusieurs cursus simultanÃ©ment, Ã  condition de faire preuve de motivation.
Enfin, il a rappelÃ© que la rÃ©ussite, dans une universitÃ© virtuelle ou classique, repose avant tout sur la motivation et lâ€™envie dâ€™apprendre.
Cette intervention a permis aux participants de mieux apprÃ©hender les dÃ©fis et les avantages de lâ€™universitÃ© virtuelle, tout en les invitant Ã  rÃ©flÃ©chir sur leur propre engagement dans cette dÃ©marche.
SANOU ELISCHAMA, prÃ©sident de la communautÃ© virtuelle de Bobo Dioulasso.",['Commentaires non disponibles']
#RentrÃ©e2024,"#RentrÃ©e2024 - UV-BF : DÃ©couvrez nos tutoriels de prise en main !
ThÃ¨me du jour 14 : ""ActualitÃ© des messages sur le forum de la plateforme de formation de l'UV-BF.""
Lien : https://www.youtube.com/watch?v=RmQ3UxwDRYc...
Chers Ã©tudiants, ce tutoriel vous montre comment suivre l'actualitÃ© des discussions sur les forums de la plateforme de formation. Vous apprendrez Ã  vÃ©rifier les nouveaux messages, Ã  vous tenir informÃ© des rÃ©ponses Ã  vos publications et Ã  interagir efficacement avec vos enseignants et camarades de classe.
Astuce : Activez les notifications pour ne pas manquer les nouveaux messages dans les discussions oÃ¹ vous Ãªtes impliquÃ©. Cela vous aidera Ã  rester Ã  jour et Ã  participer aux Ã©changes en temps rÃ©el.
En rappel, les accÃ¨s seront bientÃ´t disponibles et une communication spÃ©cifique sera faite pour vous en informer. En attendant, ce tutoriel vous aidera Ã  Ãªtre prÃªt dÃ¨s que les identifiants vous seront envoyÃ©s.
Vous trouverez plus de tutoriels vidÃ©o sur la chaÃ®ne YouTube de l'UV-BF.
Ensemble, maÃ®trisons la plateforme pour rÃ©ussir cette annÃ©e acadÃ©mique.
UniversitÃ© Virtuelle du Burkina Faso, une formation universitaire de qualitÃ© pour tous !",['Commentaires non disponibles']
#UniversitÃ©_Virtuelle," UniversitÃ© Virtuelle du Burkina Faso - UVBF , la rentrÃ©e c'est le 1er octobre 2024 
Le prÃ©sident de l'#UniversitÃ©_Virtuelle du Burkina Faso (UV-BF) porte Ã  la connaissance des bacheliers, nouvellement #orientÃ©s dans les #difÃ©rentes_fliÃ¨res de l'UV-BF, Ã  l'issue des sessions d'#orientation au titre de l'annÃ©e 2024, que la #rentrÃ©e_acadÃ©mique 2024-2025 est prÃ©vue pour le mardi 1 octobre 2024.
Ã€ cet effet, diffÃ©rentes activitÃ©s sont prÃ©vues selon le planning sivant :
MinistÃ¨re Enseignement SupÃ©rieur, Recherche et Innovation 
Direction GÃ©nÃ©rale de l'Enseignement SupÃ©rieur - DGESup - 
#campusfaso",['Commentaires non disponibles']
#RentrÃ©e2024,"#RentrÃ©e2024 - UV-BF : DÃ©couvrez nos tutoriels de prise en main !
ThÃ¨me du jour 7 : ""La navigation sur la plateforme de formation de l'UV-BF.""
Lien : https://www.youtube.com/watch?v=ij6vhQc_lu0...â€¦ En voir plus",['Commentaires non disponibles']
#Univers_slam,"#Univers_slam
InÃ¨s la slamignole : une preuve de l'Ã©mancipation fÃ©minine 
NÃ©e le 6 aoÃ»t 2004 Ã  Liguidimalguem, IMA Kiswedsida InÃ¨s Marie Reine incarne la nouvelle gÃ©nÃ©ration d'Ã©tudiantes et de leaders engagÃ©s au Burkina Faso. Actuellement en premiÃ¨re annÃ©e de Lettres Modernes Ã  l'UniversitÃ© Virtuelle du Burkina Faso, Reine a su bÃ¢tir un parcours acadÃ©mique et social remarquable.â€¦ En voir plus",['Commentaires non disponibles']
ordinateur.campusfaso.bf," 1 Ã©tudiant 1 ordinateur / UniversitÃ© Virtuelle du Burkina Faso - UVBF 
Ouverture de la plateforme au profit des Ã©tudiants de l'universitÃ© virtuelle
Tu es orientÃ© Ã  l'UV? souscrit dÃ¨s maintenant sur ordinateur.campusfaso.bf
Livraison en moins d'une semaine
subventionnÃ©s par l'Ã©tat Ã  85%
Source : CaCampusFaso",['Commentaires non disponibles']
www.la-plume.bf,"ğğ«ğÌğ¬ğğ§ğ­ğšğ­ğ¢ğ¨ğ§ ğğ ğ¥'ğ”ğ§ğ¢ğ¯ğğ«ğ¬ğ¢ğ­ğÌ ğ•ğ¢ğ«ğ­ğ®ğğ¥ğ¥ğ ğğ® ğğ®ğ«ğ¤ğ¢ğ§ğš ğ…ğšğ¬ğ¨ (ğ”ğ•-ğğ…). 
www.la-plume.bf",['Commentaires non disponibles']
bobo.Ma,Svp ! Je suis un Ã©tudiant en LM de l'UniversitÃ© virtuelle du Burkina Faso mais je suis Ã  Ouaga.Mais cette annÃ©e je dÃ©sire composer mes devoirs sur table Ã  bobo.Ma question est la suivante : le lieu de la composition des devoirs est loin de la gare staff Ã  bobo ?,['Commentaires non disponibles']
#bacheliers," ğ—œğ— ğ—£ğ—¢ğ—¥ğ—§ğ—”ğ—¡ğ—§ / ğ—¨ğ—¡ğ—œğ—©ğ—˜ğ—¥ğ—¦ğ—œğ—§ğ—˜ ğ—©ğ—œğ—¥ğ—§ğ—¨ğ—˜ğ—Ÿğ—Ÿğ—˜
 A l'attention de tous les #bacheliers ( nouveaux comme anciens, nationaux et de l'Ã©tranger )
Les filiÃ¨res disponibles Ã  la session de rattrapage du 16 au 25 septembre 2023
- #Chimie
- #MathÃ©matiques_Informatique_ModÃ©lisation_mathÃ©matique_et_Calcul_Scientifique (#LMI_MMCS)
- #Physique_et_IngÃ©nierie_de_l_Energie (#LPIE)
- #Science_de_la_Vie_et_de_la_Terre (#SVT)
- #Lettre_Moderne (#LM)
- #Economie (#SEG)
- #GEOMATIQUE (#LG)
- #DROIT (#SJP)
* AccÃ¨s par #orientation
* Des #ordinateurs_portables sont disponibles et subventions Ã  85% par l'Ã©tat 
Pour rappel l'#universitÃ© est une #universitÃ©_publique.
NB: - tous les rÃ©sultats sont disponibles ( PrivÃ© comme public), vÃ©rifiez vos comptes CampusFaso ou mail.
- tous ceux qui ne sont pas orientÃ©s ( qui voient annulÃ©, non, attente , tiret, ...) re-postulent Ã  la session de rattrapage.
- ceux qui ne sont pas satisfait de leur choix , ne font pas le paiement et attendent la session de retenter leur chance.
- toute orientation payÃ©e est consommÃ©e ( pas de permutation, changement de filiÃ¨re possible aprÃ¨s paiement ).
MinistÃ¨re Enseignement SupÃ©rieur, Recherche et Innovation 
UniversitÃ© Virtuelle du Burkina Faso - UVBF 
#BurkinaFaso #Ã©tudiants #campusfaso #uv #lwili
Source : campusfaso 
NB: N'hÃ©sitez pas de  contacter l'Ã©quipe CALAO(CAMPUS ASSISTE ORIENTATION EN LIGNE ) pour le dÃ©pÃ´t de vos dossiers 
 55642758
51511313
55370412",['Commentaires non disponibles']
#INFPE,"INFO# INFPE
ğ—¨ğ—¥ğ—šğ—˜ğ—¡ğ—§ !
ğ—–ğ—¢ğ— ğ— ğ—¨ğ—¡ğ—œğ—¤ğ—¨ğ—˜
Le Directeur gÃ©nÃ©ral de lâ€™Institut national de Formation des Personnels de lâ€™Ã‰ducation (#INFPE) invite les candidats dÃ©clarÃ©s admis au concours direct de recrutement de deux cents (200) Ã©lÃ¨ves Ã‰ducateurs de la Petite Enfance session 2024 et les candidats dÃ©clarÃ©s admis au concours direct de recrutement de deux cents (200) Ã©lÃ¨ves Professeurs des Ã‰coles, session de 2024 et absents depuis le 14 octobre 2024, premier jour de la rentrÃ©e acadÃ©mique 2024-2025, Ã  ğ¬ğ ğ©ğ«ğÌğ¬ğğ§ğ­ğğ« ğğšğ§ğ¬ ğ¥ğğ¬ ğğ¢ğ«ğğœğ­ğ¢ğ¨ğ§ğ¬ ğ«ğÌğ ğ¢ğ¨ğ§ğšğ¥ğğ¬ ğâ€™ğšğŸğŸğğœğ­ğšğ­ğ¢ğ¨ğ§ ğšğ® ğ©ğ¥ğ®ğ¬ ğ­ğšğ«ğ ğ¥ğ ğ¦ğšğ«ğğ¢ ğŸğŸ— ğ¨ğœğ­ğ¨ğ›ğ«ğ ğŸğŸğŸğŸ’ ğšÌ€ ğŸğŸ ğ¡ ğŸğŸ, ğğÌğ¥ğšğ¢ ğğ ğ«ğ¢ğ ğ®ğğ®ğ«.
PassÃ© ce dÃ©lai, les intÃ©ressÃ©s seront considÃ©rÃ©s comme dÃ©faillants. Ce sont 
 (consultez les images ci-dessous)
Source : INFPE 
Abonnez vous",['Commentaires non disponibles']
https://www.campusfaso.bf/formations/rechercher-formation,"ğ—¨ğ—¡ğ—œğ—©ğ—˜ğ—¥ğ—¦ğ—œğ—§ğ—˜ ğ—©ğ—œğ—¥ğ—§ğ—¨ğ—˜ğ—Ÿğ—Ÿğ—˜ ğ——ğ—¨ ğ—•ğ—¨ğ—¥ğ—ğ—œğ—¡ğ—” ğ—™ğ—”ğ—¦ğ—¢
Seulement Ã  UniversitÃ© Virtuelle du Burkina Faso - UVBF 
ğ’ğğ¬ğ¬ğ¢ğ¨ğ§ ğğ ğ«ğšğ­ğ­ğ«ğšğ©ğšğ ğ ğğğ¬ ğ¨ğ«ğ¢ğğ§ğ­ğšğ­ğ¢ğ¨ğ§ğ¬ ğğ® ğŸğŸ• ğšğ® ğŸğŸ• ğ¬ğğ©ğ­ğğ¦ğ›ğ«ğ ğŸğŸğŸğŸ’
Retrouvez filiÃ¨res de l'UV-BF ici  https://www.campusfaso.bf/formations/rechercher-formation
L'universitÃ© sans frontiÃ¨res! ",['Commentaires non disponibles']
#aiubf,"Le prÃ©sident de l'UniversitÃ© Virtuelle du Burkina Faso (UV-BF) porte a la connaissance des bacheliers, nouvellement orientÃ©s dans les diffÃ©rentes filiÃ¨res de l'UV-BF, Ã  l'issue des sessions d'orientation au titre de l'annÃ©e 2024, que la rentrÃ©e acadÃ©mique 2024-2025 est prÃ©vue pour le mardi 1Â° octobre 2024.
A cet effet, diffÃ©rentes activitÃ©s sont prÃ©vues selon le planning dans le tableau ci dessous.
COM UV-BF #aiubf",['Commentaires non disponibles']
#information,"#information
ğ”ğ§ğ¢ğ¯ğğ«ğ¬ğ¢ğ­ğÌ ğ¯ğ¢ğ«ğ­ğ®ğğ¥ğ¥ğ : ğğ«ğ¨ğ¥ğ¨ğ§ğ ğšğ­ğ¢ğ¨ğ§ ğğğ¬ ğ¢ğ§ğ¬ğœğ«ğ¢ğ©ğ­ğ¢ğ¨ğ§ğ¬ ğ©ğÌğğšğ ğ¨ğ ğ¢ğªğ®ğğ¬ ğšğ® ğŸğŸ— ğ¨ğœğ­ğ¨ğ›ğ«ğ ğŸğŸğŸğŸ‘
Lâ€™UniversitÃ© Virtuelle du Burkina Faso informe les Ã©tudiants en premiÃ¨re annÃ©e de licence au titre de lâ€™annÃ©e acadÃ©mique 2023 - 2024 n'ayant pas pu rÃ©aliser leur inscription pÃ©dagogique avant la date limite du 15 Octobre 2023, qu'ils disposent d'un dÃ©lai supplÃ©mentaire de 48h (18 au 19 Octobre 2023) pour finaliser leur inscription.
PassÃ© ce dÃ©lai, l'inscription pÃ©dagogique ne sera plus possible.
Source : UniversitÃ© Virtuelle du Burkina Faso - UVBF
Si vous ne faites pas l inscription pÃ©dagogique vous aurez pas 
  le FONER
 vous pouvez pas composÃ© devoir 
 Vous n aurez pas l ordinateur Ã©galement",['Commentaires non disponibles']
AUF Burkina Faso,"J'ai eu du plaisir Ã  travailler avec vous chers gÃ©nies.
ThÃ©matique : Ã‰cole et transformation Ã©cologique ( Appel de Toulouse)
Merci aux partenaires pour cette opportunitÃ©.
AUF Burkina Faso UniversitÃ© Virtuelle du Burkina Faso - UVBF 
#BurkinaFaso,#AlgÃ©rie #liban #HaÃ¯ti,#Portugal #ArmÃ©nie",['Commentaires non disponibles']
#Campus,"#Campus
ğ‘ğğ¦ğ¢ğ¬ğ ğ'ğ¨ğ«ğğ¢ğ§ğšğ­ğğ®ğ«ğ¬ ğšğ®ğ± Ã©ğ­ğ®ğğ¢ğšğ§ğ­ğ¬ ğ›Ã©ğ§Ã©ğŸğ¢ğœğ¢ğšğ¢ğ«ğğ¬ ğğ ğ¥'ğ”ğ§ğ¢ğ¯ğğ«ğ¬ğ¢ğ­Ã© ğ•ğ¢ğ«ğ­ğ®ğğ¥ğ¥ğ ğğ® ğğ®ğ«ğ¤ğ¢ğ§ğš ğ…ğšğ¬ğ¨ 
Lâ€™UniversitÃ© Virtuelle du Burkina Faso (UV-BF) informe les Ã©tudiants dont les noms figurent sur les listes ci-dessous qu'ils peuvent passer Ã  l'Espace NumÃ©rique Ouvert de Karpala, du Mardi 27 au Jeudi 29 FÃ©vrier 2024 afin de rÃ©cupÃ©rer leurs ordinateurs de Marques HP ET LENOVO.
La remise des ordinateurs se fait au sein de l'Espace NumÃ©rique Ouvert de Karpala de 08h Ã  15h.
N.B:
- Chaque Ã©tudiant doit se munir de sa CNIB pour le retrait de son ordinateur,
- Pour le retrait pour une tierce personne, vous devez disposer d'une procuration en bonne et due forme.
Abonnez-vous Ã  Oreilleducampus.",['Commentaires non disponibles']
#AfricaDigitalEdu,"ğ„ğ±ğœğğ¥ğ¥ğğ§ğœğ ğ¬ğœğ¢ğğ§ğ­ğ¢ğŸğ¢ğªğ®ğ ğšğ® ğğ®ğ«ğ¤ğ¢ğ§ğš ğ…ğšğ¬ğ¨- ğƒğğ¬ ğ£ğğ®ğ§ğğ¬ ğœğ¡ğğ«ğœğ¡ğğ®ğ«ğ¬ ğğ® ğ‚ğğ§ğ­ğ«ğ ğâ€™ğ„ğ±ğœğğ¥ğ¥ğğ§ğœğ ğğ§ ğˆğ§ğ­ğğ¥ğ¥ğ¢ğ ğğ§ğœğ ğ€ğ«ğ­ğ¢ğŸğ¢ğœğ¢ğğ¥ğ¥ğ ğ©ğ¨ğ®ğ« ğ¥ğ ğƒğÌğ¯ğğ¥ğ¨ğ©ğ©ğğ¦ğğ§ğ­ (ğ‚ğˆğ“ğ€ğƒğ„ğ‹) ğšÌ€ ğ¥â€™ğ”ğ•-ğğ… ğ«ğğ¦ğ©ğ¨ğ«ğ­ğğ§ğ­ ğ¥ğ ğŸğğ« ğ©ğ«ğ¢ğ± ğğ§ ğ¡ğšğœğ¤ğšğ­ğ¡ğ¨ğ§ ğšğ® ğ€ğŸğ«ğ¢ğœğšğƒğ¢ğ ğ¢ğ­ğšğ¥ğ„ğğ® ğŸğŸğŸğŸ’ ğšÌ€ ğ€ğ›ğ¢ğğ£ğšğ§
Du 15 au 16 octobre 2024, sâ€™est tenu le Hackathon AfricaDigitalEdu Ã  Abidjan, dans le cadre du colloque #AfricaDigitalEdu 2024. Lâ€™objectif Ã©tait de dÃ©velopper des solutions innovantes en lien avec le thÃ¨me Â« Intelligence Artificielle et futurs numâ€¦ En voir plus",['Commentaires non disponibles']
https://chat.whatsapp.com/HZvPnoAtkU62gKk1qNBRUy,"Pour tous ceux qui ont envoyÃ© leurs pdf au 72805327 passer Ã  l' ENo rÃ©cupÃ©rer vos cartes d' Ã©tudiant pour d' autre vos pouvez donner et passer Ã  16h00 aujourd'hui prendre prix:500f
. https://chat.whatsapp.com/HZvPnoAtkU62gKk1qNBRUy",['Commentaires non disponibles']
UniversitÃ© Virtuelle du Burkina Faso - UVBF,"Decouvrons UniversitÃ© Virtuelle du Burkina Faso - UVBF 
C'est une universitÃ© publique et les cours se font entiÃ¨rement en ligne,  pareil pour certaines Ã©valuations.
Les orientations dans cette universitÃ© se font au mÃªme moment que dans les universitÃ©s classiques Ã   travers la plateforme forme www.campusfaso.bf .â€¦ En voir plus",['Commentaires non disponibles']
#Lancement_1Ã¨re_session_2022_2023,"INFO
#Lancement_1Ã¨re_session_2022_2023#
Les dÃ©pÃ´ts se feront du 03 au 13 avril 2023.
Pour plus d'informations, bien vouloir consulter les communiquÃ©s ci-dessous.",['Commentaires non disponibles']
UniversitÃ© Virtuelle du Burkina Faso - UVBF,"Merci aux prÃ©sidents de zone de cette communautÃ© qui m'a permis le contact avec les cadets afin partager mon point de vu sur UniversitÃ© Virtuelle du Burkina Faso - UVBF .
Ã€ noter que j'ai plutÃ´t Ã©changer sur les opportunitÃ©s et les dÃ©fis car les Ã©checs font partie intÃ©grante d'un parcours rÃ©ussi.
Je reste ouvert Ã  tout besoin dans le bien.â€¦ En voir plus",['Commentaires non disponibles']
#Campus,"#Campus
ğ”ğ•-ğğ… : ğ‘ğğ§ğ­ğ«Ã©ğ ğğğ¬ ğ›ğšğœğ¡ğğ¥ğ¢ğğ«ğ¬ ğ§ğ¨ğ®ğ¯ğğ¥ğ¥ğğ¦ğğ§ğ­ ğ¨ğ«ğ¢ğğ§ğ­Ã©ğ¬ ğğšğ§ğ¬ ğ¥ğğ¬ ğğ¢ğŸğŸÃ©ğ«ğğ§ğ­ğğ¬ ğŸğ¢ğ¥ğ¢Ã¨ğ«ğğ¬ ğğ ğ¥'ğ”ğ•-ğğ…, Ã  ğ¥'ğ¢ğ¬ğ¬ğ®ğ ğğğ¬ ğ¬ğğ¬ğ¬ğ¢ğ¨ğ§ğ¬ ğ'ğ¨ğ«ğ¢ğğ§ğ­ğšğ­ğ¢ğ¨ğ§ ğšğ® ğ­ğ¢ğ­ğ«ğ ğğ ğ¥'ğšğ§ğ§Ã©ğ ğŸğŸğŸğŸ’ : ğŸğğ« ğ¨ğœğ­ğ¨ğ›ğ«ğ ğŸğŸğŸğŸ’
Le prÃ©sident de l'UniversitÃ© Virtuelle du Burkina Faso (UV-BF) porte a la connaissance des bacheliers, nouvellement orientÃ©s dans les diffÃ©rentes filiÃ¨res de l'UV-BF, Ã  l'issue des sessions d'orientation au titre de l'annÃ©e 2024, que la rentrÃ©e acadÃ©mique 2024-2025 est prÃ©vue pour le mardi 1Â° â€¦ En voir plus",['Commentaires non disponibles']
#UNB,"Pour l'impression de vos carte d'etudiant au bon format Plastique envoyez juste votre carte pdf par WhatsApp au 74177417 . Pour ceux aussi qui n'arrive pas a telecharger leur carte envoyer un message pour assistance ou appelÃ© le 74177417. Merci
#UNB
#CARTE
#campusfaso
UniversitÃ© Virtuelle du Burkina Faso - UVBFUVBF
UniversitÃ© Nazi BONI",['Commentaires non disponibles']
UniversitÃ© Virtuelle du Burkina Faso - UVBF,Appel Ã  candidatures pour le ğ— ğ—®ğ˜€ğ˜ğ—²ğ—¿ ğ—²ğ—» ğ—œğ—»ğ˜ğ—²ğ—¹ğ—¹ğ—¶ğ—´ğ—²ğ—»ğ—°ğ—² ğ—®ğ—¿ğ˜ğ—¶ğ—³ğ—¶ğ—°ğ—¶ğ—²ğ—¹ğ—¹ğ—² ğ—²ğ˜ ğ—™ğ—¼ğ˜‚ğ—¶ğ—¹ğ—¹ğ—²ğ˜€ ğ—±ğ—² ğ—±ğ—¼ğ—»ğ—»ğ—²Ìğ—²ğ˜€ Ã  l' UniversitÃ© Virtuelle du Burkina Faso - UVBF  du 14 aoÃ»t au 15 septembre 2024.,['Commentaires non disponibles']
https://chat.whatsapp.com/BYBMNBwA9G2F8i3mZQMUXL," urgent 
 Le moment inattendu est enfin lÃ , pour les nouveaux bacheliers ainsi que les anciens qui aimeraient se renforcer d'avance, un rendez-vous Ã  ne pas manquer.
 https://chat.whatsapp.com/BYBMNBwA9G2F8i3mZQMUXL",['Commentaires non disponibles']
#Campus,"#Campus 
ğ—–ğ—¢ğ— ğ— ğ—¨ğ—¡ğ—œğ—¤ğ—¨ğ—˜
RÃ©sultats du test de recrutement d'Ã©tudiants en Master Sciences de l'Education et de la Formation (MSEF) pour le compte de l'annÃ©e acadÃ©mique 2024-2025 a l'UniversitÃ© Virtuelle du Burkina Faso (UV-BF).
Sous rÃ©serve d'un contrÃ´le approfondi, les candidats dont les noms suivent sont dÃ©clarÃ©s admis, par ordre de mÃ©rite, Ã  l'issue de l'instruction des dossiers de candidature pour une inscription en premiÃ¨re annÃ©e de Master Sciences de l'Education et de la Formation (MSEF) pour le compte de l'annÃ©e acadÃ©mique 2024-2025 a l'UniversitÃ© Virtuelle du Burkina Faso (UV-BF).
UniversitÃ© Virtuelle du Burkina Faso, une formation universitaire de qualitÃ© pour tous !
Source : UV-BF
 Le car5
le",['Commentaires non disponibles']
#Campus,"#Campus 
ğŸ ğÌğ­ğ®ğğ¢ğšğ§ğ­ ğŸ ğ¨ğ«ğğ¢ğ§ğšğ­ğğ®ğ« / ğ”ğ§ğ¢ğ¯ğğ«ğ¬ğ¢ğ­ğÌ ğ•ğ¢ğ«ğ­ğ®ğğ¥ğ¥ğ ğğ® ğğ®ğ«ğ¤ğ¢ğ§ğš ğ…ğšğ¬ğ¨ - ğ”ğ•ğğ… 
Ouverture de la plateforme au profit des Ã©tudiants de l'universitÃ© virtuelle
Tu es orientÃ© Ã  l'UV? souscrit dÃ¨s maintenant sur ordinateur.campusfaso.bf
Livraison en moins d'une semaine
subventionnÃ©s par l'Ã©tat Ã  85%
Abonnez-vous Ã  Agence des Inscriptions en Ligne .",['Commentaires non disponibles']
UniversitÃ© Virtuelle du Burkina Faso - UVBF,"Seulement Ã  UniversitÃ© Virtuelle du Burkina Faso - UVBF 
ğ’ğğ¬ğ¬ğ¢ğ¨ğ§ ğğ ğ«ğšğ­ğ­ğ«ğšğ©ğšğ ğ ğğğ¬ ğ¨ğ«ğ¢ğğ§ğ­ğšğ­ğ¢ğ¨ğ§ğ¬ ğğ® ğŸğŸ• ğšğ® ğŸğŸ• ğ¬ğğ©ğ­ğğ¦ğ›ğ«ğ ğŸğŸğŸğŸ’
Retrouvez filiÃ¨res de l'UV-BF ici  https://www.campusfaso.bf/formations/rechercher-formation
L'universitÃ© sans frontiÃ¨res! ",['Commentaires non disponibles']
https://uv.bf/appel-a-candidatures-pour-le-recrutement.../,"Appel a candidatures pour le recrutement sur dossier de 40 Ã©tudiants pour la deuxiÃ¨me cohorte du Master en Sciences de l'Education et de la Formation au titre de l'annÃ©e acadÃ©mique 2024 - 2025.
Plus d'informations sur notre site web : https://uv.bf/appel-a-candidatures-pour-le-recrutement.../
UniversitÃ© Virtuelle du Burkina Faso, uâ€¦ En voir plus",['Commentaires non disponibles']
